ChemicalID,IDs,vector,vector_str
C534883,AR|EPHB2|MAX|MYC|FOS|KCNQ1|KCNQ2|KCNQ3|EPHX1|ABCB1|CYP2C19|CASP3|PPARG|SCD5|CASP8|AKT1|HIF1A|MAPK1|MAPK3|MAPK8|SLC2A1|VEGFA|GP1BA|GYPA|ITGA2B|ITGB3|TFEB|THPO|HAMP|TP53|CASP9|CDKN1A|CHEK1|ACHE|ACTA1|ALB|ATP5F1B|AZGP1|BCHE|CES1C|CTRB2|KIF3C|KRT1|SLC25A4|TF|TRF|ALDH1L2|CASP2|CASP6|BCL2|BCL2L1|DDIT3|MDM2|CYP2D6|CYP2C9|CYP3A4|NR1I2|UGT2B7|BAX|BID|CYCS|DIABLO|FADD|FAS|FASLG|PARP1|XIAP|NR3C1|CXCL8|IL1B|MAPK14|TNF|ABCC1|ALDH3A1|CAV1|CCND1|CHUK|EGFR|GSTA3|GSTA4|HMOX1|HOX1|HSPB1|ICAM1|IKBKB|MMP7|MMP9|NFKBIA|PLAU|PTGR1|PTGS2|RELA|CASP7|CLIC1|CLPP|CSF2|FLT3LG|IL3|KITLG|LAT2|PTEN|RPL23|RPL38|RPS6|SF3A1|BAD|CASP14|COX6A1|GADD45A|GADD45G|H2AX|MADD|MAP2K1|PDCD10|PDCD5|TNFSF10|TOP2A|ACE|AHR|AK1|AKAP9|AKR1C1|AKR1C2|AKR1C3|AKR1C4|ALDOA|ALDOC|ANKRD37|ANPEP|APP|AQP3|ASPA|ATF6|BDNF|BNIP3L|CA9|CAT|CD83|CD86|CFTR|CYP1A1|EGLN1|EGLN2|EGR1|ENO1|ENO2|ENPEP|ERCC2|GAPDH|GPX3|GSR|HBEGF|HIF3A|HILPDA|HK1|HK2|IGFBP5|IL1R1|LAMC2|LDHA|MBTPS2|MIF|MMP8|NPPB|NUB1|OCLN|P4HA2|PAM|PDK1|PDK3|PGK1|PLOD3|PPP2R1B|PSPH|RPE65|SELE|SERPINE1|SOD1|SOD2|SP1|SREBF1|STAT3|TFRC|TIMM17A|TRP53|CHEK2|ALOX15|EPHX2|CD82|CYP2C23|CYP2C8|FDX1|FDXR|NME1|CYP2E1|HPGDS|PTGDS|PTGS1|SSTR2|CYP11A1|CYP17A1|CYP19A1|CYP1A2|CYP2A6|CYP2B1|CYP2B6|CYP2C18|CYP3A41A|CYP3A5|ESR1|ESR2A|ESR2B|NR1I3|ABCA12|ADAM1B|ADGRD1|ALG2|CKAP5|CMTR2|CPD|CXCL3|D0KIST5|D2ERTD295E|D9WSU74E|ENTR1|ETV1|EXOSC10|FAT3|FMNL3|FXYD7|GABRA1|GABRB1|GADL1|GATAD2A|GFRA1|GJB3|GLRA1|GNA12|GRIN1|GRIN2A|GRIN2B|HPRT1|HTR3A|IGSF5|KCNV2|KIF24|KREMEN1,b'x\x9ck`\x99\x9a\xce\xc2\x00\x06=\xa2y\xa5\xb9\x05\x95z\xc9\xf9E\xa9z\xb9\xa59%\x99\x89EE\x89\x95Szx\xe2\x8bR\x93\xf3\xf3\x8aK\x8aJ\x93K\xa6L\x9e\xd2\xc3\nV8\xa5\x87=/\x05\xa2d\xf2\x14o\x86\xd6)\xce\x8cIS\xda\xa7\x04M\xd1\xf0f\xf4\xfe\xde:%\x83\xb9\x875\xa5\xa4\xb2 \x15\xa4\x85)\xd3dJg\x07D\x96\xb9\x87\xd1f\x8a\x9f\x9f\x9f\xd7\x7f \x00\x13\xde\x0c%S\x92:\x9d\xee030\x80\x1c\xc3\x04\xc5\xec\x0c\xa3`\x14\x8c\x82\xe1\x02\xa6\x00s\xb9\x1e\x00\xf7\xed=L',4|2|2|7|0|0|0|0|0|0|0|0|0|0|0|0|0|0|0|0|0|0|0|0|0|0|0|0|0|0|0|0|0|0|0|0|0|0|0|0|0|0|0|0|0|0|0|0|0|0|0|0|0|0|0|0|0|0|0|0|0|0|0|0|0|0|0|0|0|0|0|0|0|0|0|0|0|0|0|0|0|0|0|0|0|0|0|0|0|0|0|0|0|0|0|0|0|0|0|0|0|0|0|0|0|0|0|0|0|0|0|0|0|0|0|0|0|0|0|0|0|0|0|0|0|0|0|0|0|0|0|0|0|0|0|0|0|0|0|0|0|0|0|0|0|0|0|0|0|0|0|0|0|0|0|0|0|0|0|0|0|0|0|0|0|0|0|0|0|0|0|0|0|0|0|0|0|0|0|0|0|0|0|0|0|0|0|0|0|0|0|0|0|0|0|0|0|0|0|0|0|0|0|0|0|0|0|0|0|0|0|0|0|0|0|0|0|0|0|0|0|0|0|0|0|0|0|0|0|0|0|0|0|0|0|0|0|0|0|0|0|0|0|0|0|0|0
C112297,AR|EPHB2|MAX|MYC|FOS|KCNQ1|KCNQ2|KCNQ3|EPHX1|ABCB1|CYP2C19|CASP3|PPARG|SCD5|CASP8|AKT1|HIF1A|MAPK1|MAPK3|MAPK8|SLC2A1|VEGFA|GP1BA|GYPA|ITGA2B|ITGB3|TFEB|THPO|HAMP|TP53|CASP9|CDKN1A|CHEK1|ACHE|ACTA1|ALB|ATP5F1B|AZGP1|BCHE|CES1C|CTRB2|KIF3C|KRT1|SLC25A4|TF|TRF|ALDH1L2|CASP2|CASP6|BCL2|BCL2L1|DDIT3|MDM2|CYP2D6|CYP2C9|CYP3A4|NR1I2|UGT2B7|BAX|BID|CYCS|DIABLO|FADD|FAS|FASLG|PARP1|XIAP|NR3C1|CXCL8|IL1B|MAPK14|TNF|ABCC1|ALDH3A1|CAV1|CCND1|CHUK|EGFR|GSTA3|GSTA4|HMOX1|HOX1|HSPB1|ICAM1|IKBKB|MMP7|MMP9|NFKBIA|PLAU|PTGR1|PTGS2|RELA|CASP7|CLIC1|CLPP|CSF2|FLT3LG|IL3|KITLG|LAT2|PTEN|RPL23|RPL38|RPS6|SF3A1|BAD|CASP14|COX6A1|GADD45A|GADD45G|H2AX|MADD|MAP2K1|PDCD10|PDCD5|TNFSF10|TOP2A|ACE|AHR|AK1|AKAP9|AKR1C1|AKR1C2|AKR1C3|AKR1C4|ALDOA|ALDOC|ANKRD37|ANPEP|APP|AQP3|ASPA|ATF6|BDNF|BNIP3L|CA9|CAT|CD83|CD86|CFTR|CYP1A1|EGLN1|EGLN2|EGR1|ENO1|ENO2|ENPEP|ERCC2|GAPDH|GPX3|GSR|HBEGF|HIF3A|HILPDA|HK1|HK2|IGFBP5|IL1R1|LAMC2|LDHA|MBTPS2|MIF|MMP8|NPPB|NUB1|OCLN|P4HA2|PAM|PDK1|PDK3|PGK1|PLOD3|PPP2R1B|PSPH|RPE65|SELE|SERPINE1|SOD1|SOD2|SP1|SREBF1|STAT3|TFRC|TIMM17A|TRP53|CHEK2|ALOX15|EPHX2|CD82|CYP2C23|CYP2C8|FDX1|FDXR|NME1|CYP2E1|HPGDS|PTGDS|PTGS1|SSTR2|CYP11A1|CYP17A1|CYP19A1|CYP1A2|CYP2A6|CYP2B1|CYP2B6|CYP2C18|CYP3A41A|CYP3A5|ESR1|ESR2A|ESR2B|NR1I3|ABCA12|ADAM1B|ADGRD1|ALG2|CKAP5|CMTR2|CPD|CXCL3|D0KIST5|D2ERTD295E|D9WSU74E|ENTR1|ETV1|EXOSC10|FAT3|FMNL3|FXYD7|GABRA1|GABRB1|GADL1|GATAD2A|GFRA1|GJB3|GLRA1|GNA12|GRIN1|GRIN2A|GRIN2B|HPRT1|HTR3A|IGSF5|KCNV2|KIF24|KREMEN1,b'x\x9ck`\x99\x9a\xce\xc2\x00\x06=\xa2y\xa5\xb9\x05\x95z\xc9\xf9E\xa9z\xb9\xa59%\x99\x89EE\x89\x95Szx\xe2\x8bR\x93\xf3\xf3\x8aK\x8aJ\x93K\xa6L\x9e\xd2\xc3\nV8\xa5\x87=/\x05\xa2d\xf2\x14o\x86\xd6)\xce\x8cIS\xda\xa7\x04M\xd1\xf0f\xf4\xfe\xde:%\x83\xb9\x875\xa5\xa4\xb2 \x15\xa4\x85)\xd3dJg\x07D\x96\xb9\x87\xd1f\x8a\x9f\x9f\x9f\xd7\x7f \x00\x13\xde\x0c%S\x92:\x9d\xee03`\x00F(f\x86\xd2\xa3`\x14\x8c\x82\xa1\t\xa6\x00s\xb9\x1e\x00\xd4\xe8=C',0|0|0|0|1|1|3|1|0|0|0|0|0|0|0|0|0|0|0|0|0|0|0|0|0|0|0|0|0|0|0|0|0|0|0|0|0|0|0|0|0|0|0|0|0|0|0|0|0|0|0|0|0|0|0|0|0|0|0|0|0|0|0|0|0|0|0|0|0|0|0|0|0|0|0|0|0|0|0|0|0|0|0|0|0|0|0|0|0|0|0|0|0|0|0|0|0|0|0|0|0|0|0|0|0|0|0|0|0|0|0|0|0|0|0|0|0|0|0|0|0|0|0|0|0|0|0|0|0|0|0|0|0|0|0|0|0|0|0|0|0|0|0|0|0|0|0|0|0|0|0|0|0|0|0|0|0|0|0|0|0|0|0|0|0|0|0|0|0|0|0|0|0|0|0|0|0|0|0|0|0|0|0|0|0|0|0|0|0|0|0|0|0|0|0|0|0|0|0|0|0|0|0|0|0|0|0|0|0|0|0|0|0|0|0|0|0|0|0|0|0|0|0|0|0|0|0|0|0|0|0|0|0|0|0|0|0|0|0|0|0|0|0|0|0|0|0
C004822,AR|EPHB2|MAX|MYC|FOS|KCNQ1|KCNQ2|KCNQ3|EPHX1|ABCB1|CYP2C19|CASP3|PPARG|SCD5|CASP8|AKT1|HIF1A|MAPK1|MAPK3|MAPK8|SLC2A1|VEGFA|GP1BA|GYPA|ITGA2B|ITGB3|TFEB|THPO|HAMP|TP53|CASP9|CDKN1A|CHEK1|ACHE|ACTA1|ALB|ATP5F1B|AZGP1|BCHE|CES1C|CTRB2|KIF3C|KRT1|SLC25A4|TF|TRF|ALDH1L2|CASP2|CASP6|BCL2|BCL2L1|DDIT3|MDM2|CYP2D6|CYP2C9|CYP3A4|NR1I2|UGT2B7|BAX|BID|CYCS|DIABLO|FADD|FAS|FASLG|PARP1|XIAP|NR3C1|CXCL8|IL1B|MAPK14|TNF|ABCC1|ALDH3A1|CAV1|CCND1|CHUK|EGFR|GSTA3|GSTA4|HMOX1|HOX1|HSPB1|ICAM1|IKBKB|MMP7|MMP9|NFKBIA|PLAU|PTGR1|PTGS2|RELA|CASP7|CLIC1|CLPP|CSF2|FLT3LG|IL3|KITLG|LAT2|PTEN|RPL23|RPL38|RPS6|SF3A1|BAD|CASP14|COX6A1|GADD45A|GADD45G|H2AX|MADD|MAP2K1|PDCD10|PDCD5|TNFSF10|TOP2A|ACE|AHR|AK1|AKAP9|AKR1C1|AKR1C2|AKR1C3|AKR1C4|ALDOA|ALDOC|ANKRD37|ANPEP|APP|AQP3|ASPA|ATF6|BDNF|BNIP3L|CA9|CAT|CD83|CD86|CFTR|CYP1A1|EGLN1|EGLN2|EGR1|ENO1|ENO2|ENPEP|ERCC2|GAPDH|GPX3|GSR|HBEGF|HIF3A|HILPDA|HK1|HK2|IGFBP5|IL1R1|LAMC2|LDHA|MBTPS2|MIF|MMP8|NPPB|NUB1|OCLN|P4HA2|PAM|PDK1|PDK3|PGK1|PLOD3|PPP2R1B|PSPH|RPE65|SELE|SERPINE1|SOD1|SOD2|SP1|SREBF1|STAT3|TFRC|TIMM17A|TRP53|CHEK2|ALOX15|EPHX2|CD82|CYP2C23|CYP2C8|FDX1|FDXR|NME1|CYP2E1|HPGDS|PTGDS|PTGS1|SSTR2|CYP11A1|CYP17A1|CYP19A1|CYP1A2|CYP2A6|CYP2B1|CYP2B6|CYP2C18|CYP3A41A|CYP3A5|ESR1|ESR2A|ESR2B|NR1I3|ABCA12|ADAM1B|ADGRD1|ALG2|CKAP5|CMTR2|CPD|CXCL3|D0KIST5|D2ERTD295E|D9WSU74E|ENTR1|ETV1|EXOSC10|FAT3|FMNL3|FXYD7|GABRA1|GABRB1|GADL1|GATAD2A|GFRA1|GJB3|GLRA1|GNA12|GRIN1|GRIN2A|GRIN2B|HPRT1|HTR3A|IGSF5|KCNV2|KIF24|KREMEN1,b'x\x9ck`\x99\x9a\xce\xc2\x00\x06=\xa2y\xa5\xb9\x05\x95z\xc9\xf9E\xa9z\xb9\xa59%\x99\x89EE\x89\x95Szx\xe2\x8bR\x93\xf3\xf3\x8aK\x8aJ\x93K\xa6L\x9e\xd2\xc3\nV8\xa5\x87=/\x05\xa2d\xf2\x14o\x86\xd6)\xce\x8cIS\xda\xa7\x04M\xd1\xf0f\xf4\xfe\xde:%\x83\xb9\x875\xa5\xa4\xb2 \x15\xa4\x85)\xd3dJg\x07D\x96\xb9\x87\xd1f\x8a\x9f\x9f\x9f\xd7\x7f \x00\x13\xde\x0c%S\x92:\x9d\xee03\x10\x04L\x84\x95\x8c\x82Q0\n\x06!\x98\x02\xcc\xe5z\x00\xc5\xac=?',0|0|0|0|0|0|0|0|2|0|0|0|0|0|0|0|0|0|0|0|0|0|0|0|0|0|0|0|0|0|0|0|0|0|0|0|0|0|0|0|0|0|0|0|0|0|0|0|0|0|0|0|0|0|0|0|0|0|0|0|0|0|0|0|0|0|0|0|0|0|0|0|0|0|0|0|0|0|0|0|0|0|0|0|0|0|0|0|0|0|0|0|0|0|0|0|0|0|0|0|0|0|0|0|0|0|0|0|0|0|0|0|0|0|0|0|0|0|0|0|0|0|0|0|0|0|0|0|0|0|0|0|0|0|0|0|0|0|0|0|0|0|0|0|0|0|0|0|0|0|0|0|0|0|0|0|0|0|0|0|0|0|0|0|0|0|0|0|0|0|0|0|0|0|0|0|0|0|0|0|0|0|0|0|0|0|0|0|0|0|0|0|0|0|0|0|0|0|0|0|0|0|0|0|0|0|0|0|0|0|0|0|0|0|0|0|0|0|0|0|0|0|0|0|0|0|0|0|0|0|0|0|0|0|0|0|0|0|0|0|0|0|0|0|0|0|0
C039775,AR|EPHB2|MAX|MYC|FOS|KCNQ1|KCNQ2|KCNQ3|EPHX1|ABCB1|CYP2C19|CASP3|PPARG|SCD5|CASP8|AKT1|HIF1A|MAPK1|MAPK3|MAPK8|SLC2A1|VEGFA|GP1BA|GYPA|ITGA2B|ITGB3|TFEB|THPO|HAMP|TP53|CASP9|CDKN1A|CHEK1|ACHE|ACTA1|ALB|ATP5F1B|AZGP1|BCHE|CES1C|CTRB2|KIF3C|KRT1|SLC25A4|TF|TRF|ALDH1L2|CASP2|CASP6|BCL2|BCL2L1|DDIT3|MDM2|CYP2D6|CYP2C9|CYP3A4|NR1I2|UGT2B7|BAX|BID|CYCS|DIABLO|FADD|FAS|FASLG|PARP1|XIAP|NR3C1|CXCL8|IL1B|MAPK14|TNF|ABCC1|ALDH3A1|CAV1|CCND1|CHUK|EGFR|GSTA3|GSTA4|HMOX1|HOX1|HSPB1|ICAM1|IKBKB|MMP7|MMP9|NFKBIA|PLAU|PTGR1|PTGS2|RELA|CASP7|CLIC1|CLPP|CSF2|FLT3LG|IL3|KITLG|LAT2|PTEN|RPL23|RPL38|RPS6|SF3A1|BAD|CASP14|COX6A1|GADD45A|GADD45G|H2AX|MADD|MAP2K1|PDCD10|PDCD5|TNFSF10|TOP2A|ACE|AHR|AK1|AKAP9|AKR1C1|AKR1C2|AKR1C3|AKR1C4|ALDOA|ALDOC|ANKRD37|ANPEP|APP|AQP3|ASPA|ATF6|BDNF|BNIP3L|CA9|CAT|CD83|CD86|CFTR|CYP1A1|EGLN1|EGLN2|EGR1|ENO1|ENO2|ENPEP|ERCC2|GAPDH|GPX3|GSR|HBEGF|HIF3A|HILPDA|HK1|HK2|IGFBP5|IL1R1|LAMC2|LDHA|MBTPS2|MIF|MMP8|NPPB|NUB1|OCLN|P4HA2|PAM|PDK1|PDK3|PGK1|PLOD3|PPP2R1B|PSPH|RPE65|SELE|SERPINE1|SOD1|SOD2|SP1|SREBF1|STAT3|TFRC|TIMM17A|TRP53|CHEK2|ALOX15|EPHX2|CD82|CYP2C23|CYP2C8|FDX1|FDXR|NME1|CYP2E1|HPGDS|PTGDS|PTGS1|SSTR2|CYP11A1|CYP17A1|CYP19A1|CYP1A2|CYP2A6|CYP2B1|CYP2B6|CYP2C18|CYP3A41A|CYP3A5|ESR1|ESR2A|ESR2B|NR1I3|ABCA12|ADAM1B|ADGRD1|ALG2|CKAP5|CMTR2|CPD|CXCL3|D0KIST5|D2ERTD295E|D9WSU74E|ENTR1|ETV1|EXOSC10|FAT3|FMNL3|FXYD7|GABRA1|GABRB1|GADL1|GATAD2A|GFRA1|GJB3|GLRA1|GNA12|GRIN1|GRIN2A|GRIN2B|HPRT1|HTR3A|IGSF5|KCNV2|KIF24|KREMEN1,b'x\x9ck`\x99\x9a\xce\xc2\x00\x06=\xa2y\xa5\xb9\x05\x95z\xc9\xf9E\xa9z\xb9\xa59%\x99\x89EE\x89\x95Szx\xe2\x8bR\x93\xf3\xf3\x8aK\x8aJ\x93K\xa6L\x9e\xd2\xc3\nV8\xa5\x87=/\x05\xa2d\xf2\x14o\x86\xd6)\xce\x8cIS\xda\xa7\x04M\xd1\xf0f\xf4\xfe\xde:%\x83\xb9\x875\xa5\xa4\xb2 \x15\xa4\x85)\xd3dJg\x07D\x96\xb9\x87\xd1f\x8a\x9f\x9f\x9f\xd7\x7f \x00\x13\xde\x0c%S\x92:\x9d\xee03\x10\x05\x18\xa1x\x14\x8c\x82Q0t\xc0\x14`.\xd7\x03\x00\xc5\xa0=?',0|0|0|0|0|0|0|0|0|1|1|0|0|0|0|0|0|0|0|0|0|0|0|0|0|0|0|0|0|0|0|0|0|0|0|0|0|0|0|0|0|0|0|0|0|0|0|0|0|0|0|0|0|0|0|0|0|0|0|0|0|0|0|0|0|0|0|0|0|0|0|0|0|0|0|0|0|0|0|0|0|0|0|0|0|0|0|0|0|0|0|0|0|0|0|0|0|0|0|0|0|0|0|0|0|0|0|0|0|0|0|0|0|0|0|0|0|0|0|0|0|0|0|0|0|0|0|0|0|0|0|0|0|0|0|0|0|0|0|0|0|0|0|0|0|0|0|0|0|0|0|0|0|0|0|0|0|0|0|0|0|0|0|0|0|0|0|0|0|0|0|0|0|0|0|0|0|0|0|0|0|0|0|0|0|0|0|0|0|0|0|0|0|0|0|0|0|0|0|0|0|0|0|0|0|0|0|0|0|0|0|0|0|0|0|0|0|0|0|0|0|0|0|0|0|0|0|0|0|0|0|0|0|0|0|0|0|0|0|0|0|0|0|0|0|0|0
C515697,AR|EPHB2|MAX|MYC|FOS|KCNQ1|KCNQ2|KCNQ3|EPHX1|ABCB1|CYP2C19|CASP3|PPARG|SCD5|CASP8|AKT1|HIF1A|MAPK1|MAPK3|MAPK8|SLC2A1|VEGFA|GP1BA|GYPA|ITGA2B|ITGB3|TFEB|THPO|HAMP|TP53|CASP9|CDKN1A|CHEK1|ACHE|ACTA1|ALB|ATP5F1B|AZGP1|BCHE|CES1C|CTRB2|KIF3C|KRT1|SLC25A4|TF|TRF|ALDH1L2|CASP2|CASP6|BCL2|BCL2L1|DDIT3|MDM2|CYP2D6|CYP2C9|CYP3A4|NR1I2|UGT2B7|BAX|BID|CYCS|DIABLO|FADD|FAS|FASLG|PARP1|XIAP|NR3C1|CXCL8|IL1B|MAPK14|TNF|ABCC1|ALDH3A1|CAV1|CCND1|CHUK|EGFR|GSTA3|GSTA4|HMOX1|HOX1|HSPB1|ICAM1|IKBKB|MMP7|MMP9|NFKBIA|PLAU|PTGR1|PTGS2|RELA|CASP7|CLIC1|CLPP|CSF2|FLT3LG|IL3|KITLG|LAT2|PTEN|RPL23|RPL38|RPS6|SF3A1|BAD|CASP14|COX6A1|GADD45A|GADD45G|H2AX|MADD|MAP2K1|PDCD10|PDCD5|TNFSF10|TOP2A|ACE|AHR|AK1|AKAP9|AKR1C1|AKR1C2|AKR1C3|AKR1C4|ALDOA|ALDOC|ANKRD37|ANPEP|APP|AQP3|ASPA|ATF6|BDNF|BNIP3L|CA9|CAT|CD83|CD86|CFTR|CYP1A1|EGLN1|EGLN2|EGR1|ENO1|ENO2|ENPEP|ERCC2|GAPDH|GPX3|GSR|HBEGF|HIF3A|HILPDA|HK1|HK2|IGFBP5|IL1R1|LAMC2|LDHA|MBTPS2|MIF|MMP8|NPPB|NUB1|OCLN|P4HA2|PAM|PDK1|PDK3|PGK1|PLOD3|PPP2R1B|PSPH|RPE65|SELE|SERPINE1|SOD1|SOD2|SP1|SREBF1|STAT3|TFRC|TIMM17A|TRP53|CHEK2|ALOX15|EPHX2|CD82|CYP2C23|CYP2C8|FDX1|FDXR|NME1|CYP2E1|HPGDS|PTGDS|PTGS1|SSTR2|CYP11A1|CYP17A1|CYP19A1|CYP1A2|CYP2A6|CYP2B1|CYP2B6|CYP2C18|CYP3A41A|CYP3A5|ESR1|ESR2A|ESR2B|NR1I3|ABCA12|ADAM1B|ADGRD1|ALG2|CKAP5|CMTR2|CPD|CXCL3|D0KIST5|D2ERTD295E|D9WSU74E|ENTR1|ETV1|EXOSC10|FAT3|FMNL3|FXYD7|GABRA1|GABRB1|GADL1|GATAD2A|GFRA1|GJB3|GLRA1|GNA12|GRIN1|GRIN2A|GRIN2B|HPRT1|HTR3A|IGSF5|KCNV2|KIF24|KREMEN1,b'x\x9ck`\x99\x9a\xce\xc2\x00\x06=\xa2y\xa5\xb9\x05\x95z\xc9\xf9E\xa9z\xb9\xa59%\x99\x89EE\x89\x95Szx\xe2\x8bR\x93\xf3\xf3\x8aK\x8aJ\x93K\xa6L\x9e\xd2\xc3\nV8\xa5\x87=/\x05\xa2d\xf2\x14o\x86\xd6)\xce\x8cIS\xda\xa7\x04M\xd1\xf0f\xf4\xfe\xde:%\x83\xb9\x875\xa5\xa4\xb2 \x15\xa4\x85)\xd3dJg\x07D\x96\xb9\x87\xd1f\x8a\x9f\x9f\x9f\xd7\x7f \x00\x13\xde\x0c%S\x92:\x9d\xee03001\x8c\x82Q0\n\x86#\x98\x02\xcc\xe5z\x00\xc5\xec=?',2|0|0|0|0|0|0|0|0|0|0|0|0|0|0|0|0|0|0|0|0|0|0|0|0|0|0|0|0|0|0|0|0|0|0|0|0|0|0|0|0|0|0|0|0|0|0|0|0|0|0|0|0|0|0|0|0|0|0|0|0|0|0|0|0|0|0|0|0|0|0|0|0|0|0|0|0|0|0|0|0|0|0|0|0|0|0|0|0|0|0|0|0|0|0|0|0|0|0|0|0|0|0|0|0|0|0|0|0|0|0|0|0|0|0|0|0|0|0|0|0|0|0|0|0|0|0|0|0|0|0|0|0|0|0|0|0|0|0|0|0|0|0|0|0|0|0|0|0|0|0|0|0|0|0|0|0|0|0|0|0|0|0|0|0|0|0|0|0|0|0|0|0|0|0|0|0|0|0|0|0|0|0|0|0|0|0|0|0|0|0|0|0|0|0|0|0|0|0|0|0|0|0|0|0|0|0|0|0|0|0|0|0|0|0|0|0|0|0|0|0|0|0|0|0|0|0|0|0|0|0|0|0|0|0|0|0|0|0|0|0|0|0|0|0|0|0
C094849,AR|EPHB2|MAX|MYC|FOS|KCNQ1|KCNQ2|KCNQ3|EPHX1|ABCB1|CYP2C19|CASP3|PPARG|SCD5|CASP8|AKT1|HIF1A|MAPK1|MAPK3|MAPK8|SLC2A1|VEGFA|GP1BA|GYPA|ITGA2B|ITGB3|TFEB|THPO|HAMP|TP53|CASP9|CDKN1A|CHEK1|ACHE|ACTA1|ALB|ATP5F1B|AZGP1|BCHE|CES1C|CTRB2|KIF3C|KRT1|SLC25A4|TF|TRF|ALDH1L2|CASP2|CASP6|BCL2|BCL2L1|DDIT3|MDM2|CYP2D6|CYP2C9|CYP3A4|NR1I2|UGT2B7|BAX|BID|CYCS|DIABLO|FADD|FAS|FASLG|PARP1|XIAP|NR3C1|CXCL8|IL1B|MAPK14|TNF|ABCC1|ALDH3A1|CAV1|CCND1|CHUK|EGFR|GSTA3|GSTA4|HMOX1|HOX1|HSPB1|ICAM1|IKBKB|MMP7|MMP9|NFKBIA|PLAU|PTGR1|PTGS2|RELA|CASP7|CLIC1|CLPP|CSF2|FLT3LG|IL3|KITLG|LAT2|PTEN|RPL23|RPL38|RPS6|SF3A1|BAD|CASP14|COX6A1|GADD45A|GADD45G|H2AX|MADD|MAP2K1|PDCD10|PDCD5|TNFSF10|TOP2A|ACE|AHR|AK1|AKAP9|AKR1C1|AKR1C2|AKR1C3|AKR1C4|ALDOA|ALDOC|ANKRD37|ANPEP|APP|AQP3|ASPA|ATF6|BDNF|BNIP3L|CA9|CAT|CD83|CD86|CFTR|CYP1A1|EGLN1|EGLN2|EGR1|ENO1|ENO2|ENPEP|ERCC2|GAPDH|GPX3|GSR|HBEGF|HIF3A|HILPDA|HK1|HK2|IGFBP5|IL1R1|LAMC2|LDHA|MBTPS2|MIF|MMP8|NPPB|NUB1|OCLN|P4HA2|PAM|PDK1|PDK3|PGK1|PLOD3|PPP2R1B|PSPH|RPE65|SELE|SERPINE1|SOD1|SOD2|SP1|SREBF1|STAT3|TFRC|TIMM17A|TRP53|CHEK2|ALOX15|EPHX2|CD82|CYP2C23|CYP2C8|FDX1|FDXR|NME1|CYP2E1|HPGDS|PTGDS|PTGS1|SSTR2|CYP11A1|CYP17A1|CYP19A1|CYP1A2|CYP2A6|CYP2B1|CYP2B6|CYP2C18|CYP3A41A|CYP3A5|ESR1|ESR2A|ESR2B|NR1I3|ABCA12|ADAM1B|ADGRD1|ALG2|CKAP5|CMTR2|CPD|CXCL3|D0KIST5|D2ERTD295E|D9WSU74E|ENTR1|ETV1|EXOSC10|FAT3|FMNL3|FXYD7|GABRA1|GABRB1|GADL1|GATAD2A|GFRA1|GJB3|GLRA1|GNA12|GRIN1|GRIN2A|GRIN2B|HPRT1|HTR3A|IGSF5|KCNV2|KIF24|KREMEN1,b'x\x9ck`\x99\x9a\xce\xc2\x00\x06=\xa2y\xa5\xb9\x05\x95z\xc9\xf9E\xa9z\xb9\xa59%\x99\x89EE\x89\x95Szx\xe2\x8bR\x93\xf3\xf3\x8aK\x8aJ\x93K\xa6L\x9e\xd2\xc3\nV8\xa5\x87=/\x05\xa2d\xf2\x14o\x86\xd6)\xce\x8cIS\xda\xa7\x04M\xd1\xf0f\xf4\xfe\xde:%\x83\xb9\x875\xa5\xa4\xb2 \x15\xa4\x85)\xd3dJg\x07D\x96\xb9\x87\xd1f\x8a\x9f\x9f\x9f\xd7\x7f \x00\x13\xde\x0c%S\x92:\x9d\xee03\x90\x04\x18\x91\xf0(\x18\x05\xa3`p\x83)\xc0\\\xae\x07\x00\xc9==@',0|0|0|0|0|0|0|0|0|0|0|1|1|1|0|0|0|0|0|0|0|0|0|0|0|0|0|0|0|0|0|0|0|0|0|0|0|0|0|0|0|0|0|0|0|0|0|0|0|0|0|0|0|0|0|0|0|0|0|0|0|0|0|0|0|0|0|0|0|0|0|0|0|0|0|0|0|0|0|0|0|0|0|0|0|0|0|0|0|0|0|0|0|0|0|0|0|0|0|0|0|0|0|0|0|0|0|0|0|0|0|0|0|0|0|0|0|0|0|0|0|0|0|0|0|0|0|0|0|0|0|0|0|0|0|0|0|0|0|0|0|0|0|0|0|0|0|0|0|0|0|0|0|0|0|0|0|0|0|0|0|0|0|0|0|0|0|0|0|0|0|0|0|0|0|0|0|0|0|0|0|0|0|0|0|0|0|0|0|0|0|0|0|0|0|0|0|0|0|0|0|0|0|0|0|0|0|0|0|0|0|0|0|0|0|0|0|0|0|0|0|0|0|0|0|0|0|0|0|0|0|0|0|0|0|0|0|0|0|0|0|0|0|0|0|0|0
C534422,AR|EPHB2|MAX|MYC|FOS|KCNQ1|KCNQ2|KCNQ3|EPHX1|ABCB1|CYP2C19|CASP3|PPARG|SCD5|CASP8|AKT1|HIF1A|MAPK1|MAPK3|MAPK8|SLC2A1|VEGFA|GP1BA|GYPA|ITGA2B|ITGB3|TFEB|THPO|HAMP|TP53|CASP9|CDKN1A|CHEK1|ACHE|ACTA1|ALB|ATP5F1B|AZGP1|BCHE|CES1C|CTRB2|KIF3C|KRT1|SLC25A4|TF|TRF|ALDH1L2|CASP2|CASP6|BCL2|BCL2L1|DDIT3|MDM2|CYP2D6|CYP2C9|CYP3A4|NR1I2|UGT2B7|BAX|BID|CYCS|DIABLO|FADD|FAS|FASLG|PARP1|XIAP|NR3C1|CXCL8|IL1B|MAPK14|TNF|ABCC1|ALDH3A1|CAV1|CCND1|CHUK|EGFR|GSTA3|GSTA4|HMOX1|HOX1|HSPB1|ICAM1|IKBKB|MMP7|MMP9|NFKBIA|PLAU|PTGR1|PTGS2|RELA|CASP7|CLIC1|CLPP|CSF2|FLT3LG|IL3|KITLG|LAT2|PTEN|RPL23|RPL38|RPS6|SF3A1|BAD|CASP14|COX6A1|GADD45A|GADD45G|H2AX|MADD|MAP2K1|PDCD10|PDCD5|TNFSF10|TOP2A|ACE|AHR|AK1|AKAP9|AKR1C1|AKR1C2|AKR1C3|AKR1C4|ALDOA|ALDOC|ANKRD37|ANPEP|APP|AQP3|ASPA|ATF6|BDNF|BNIP3L|CA9|CAT|CD83|CD86|CFTR|CYP1A1|EGLN1|EGLN2|EGR1|ENO1|ENO2|ENPEP|ERCC2|GAPDH|GPX3|GSR|HBEGF|HIF3A|HILPDA|HK1|HK2|IGFBP5|IL1R1|LAMC2|LDHA|MBTPS2|MIF|MMP8|NPPB|NUB1|OCLN|P4HA2|PAM|PDK1|PDK3|PGK1|PLOD3|PPP2R1B|PSPH|RPE65|SELE|SERPINE1|SOD1|SOD2|SP1|SREBF1|STAT3|TFRC|TIMM17A|TRP53|CHEK2|ALOX15|EPHX2|CD82|CYP2C23|CYP2C8|FDX1|FDXR|NME1|CYP2E1|HPGDS|PTGDS|PTGS1|SSTR2|CYP11A1|CYP17A1|CYP19A1|CYP1A2|CYP2A6|CYP2B1|CYP2B6|CYP2C18|CYP3A41A|CYP3A5|ESR1|ESR2A|ESR2B|NR1I3|ABCA12|ADAM1B|ADGRD1|ALG2|CKAP5|CMTR2|CPD|CXCL3|D0KIST5|D2ERTD295E|D9WSU74E|ENTR1|ETV1|EXOSC10|FAT3|FMNL3|FXYD7|GABRA1|GABRB1|GADL1|GATAD2A|GFRA1|GJB3|GLRA1|GNA12|GRIN1|GRIN2A|GRIN2B|HPRT1|HTR3A|IGSF5|KCNV2|KIF24|KREMEN1,b'x\x9ck`\x99\x9a\xce\xc2\x00\x06=\xa2y\xa5\xb9\x05\x95z\xc9\xf9E\xa9z\xb9\xa59%\x99\x89EE\x89\x95Szx\xe2\x8bR\x93\xf3\xf3\x8aK\x8aJ\x93K\xa6L\x9e\xd2\xc3\nV8\xa5\x87=/\x05\xa2d\xf2\x14o\x86\xd6)\xce\x8cIS\xda\xa7\x04M\xd1\xf0f\xf4\xfe\xde:%\x83\xb9\x875\xa5\xa4\xb2 \x15\xa4\x85)\xd3dJg\x07D\x96\xb9\x87\xd1f\x8a\x9f\x9f\x9f\xd7\x7f \x00\x13\xde\x0c%S\x92:\x9d\xee03\x90\x04\x18q\xb0G\xc1(\x18\x05\x83\x0fL\x01\xe6r=\x00\xc5\x88=?',0|0|0|0|0|0|0|0|0|0|0|1|0|0|1|0|0|0|0|0|0|0|0|0|0|0|0|0|0|0|0|0|0|0|0|0|0|0|0|0|0|0|0|0|0|0|0|0|0|0|0|0|0|0|0|0|0|0|0|0|0|0|0|0|0|0|0|0|0|0|0|0|0|0|0|0|0|0|0|0|0|0|0|0|0|0|0|0|0|0|0|0|0|0|0|0|0|0|0|0|0|0|0|0|0|0|0|0|0|0|0|0|0|0|0|0|0|0|0|0|0|0|0|0|0|0|0|0|0|0|0|0|0|0|0|0|0|0|0|0|0|0|0|0|0|0|0|0|0|0|0|0|0|0|0|0|0|0|0|0|0|0|0|0|0|0|0|0|0|0|0|0|0|0|0|0|0|0|0|0|0|0|0|0|0|0|0|0|0|0|0|0|0|0|0|0|0|0|0|0|0|0|0|0|0|0|0|0|0|0|0|0|0|0|0|0|0|0|0|0|0|0|0|0|0|0|0|0|0|0|0|0|0|0|0|0|0|0|0|0|0|0|0|0|0|0|0
C496879,AR|EPHB2|MAX|MYC|FOS|KCNQ1|KCNQ2|KCNQ3|EPHX1|ABCB1|CYP2C19|CASP3|PPARG|SCD5|CASP8|AKT1|HIF1A|MAPK1|MAPK3|MAPK8|SLC2A1|VEGFA|GP1BA|GYPA|ITGA2B|ITGB3|TFEB|THPO|HAMP|TP53|CASP9|CDKN1A|CHEK1|ACHE|ACTA1|ALB|ATP5F1B|AZGP1|BCHE|CES1C|CTRB2|KIF3C|KRT1|SLC25A4|TF|TRF|ALDH1L2|CASP2|CASP6|BCL2|BCL2L1|DDIT3|MDM2|CYP2D6|CYP2C9|CYP3A4|NR1I2|UGT2B7|BAX|BID|CYCS|DIABLO|FADD|FAS|FASLG|PARP1|XIAP|NR3C1|CXCL8|IL1B|MAPK14|TNF|ABCC1|ALDH3A1|CAV1|CCND1|CHUK|EGFR|GSTA3|GSTA4|HMOX1|HOX1|HSPB1|ICAM1|IKBKB|MMP7|MMP9|NFKBIA|PLAU|PTGR1|PTGS2|RELA|CASP7|CLIC1|CLPP|CSF2|FLT3LG|IL3|KITLG|LAT2|PTEN|RPL23|RPL38|RPS6|SF3A1|BAD|CASP14|COX6A1|GADD45A|GADD45G|H2AX|MADD|MAP2K1|PDCD10|PDCD5|TNFSF10|TOP2A|ACE|AHR|AK1|AKAP9|AKR1C1|AKR1C2|AKR1C3|AKR1C4|ALDOA|ALDOC|ANKRD37|ANPEP|APP|AQP3|ASPA|ATF6|BDNF|BNIP3L|CA9|CAT|CD83|CD86|CFTR|CYP1A1|EGLN1|EGLN2|EGR1|ENO1|ENO2|ENPEP|ERCC2|GAPDH|GPX3|GSR|HBEGF|HIF3A|HILPDA|HK1|HK2|IGFBP5|IL1R1|LAMC2|LDHA|MBTPS2|MIF|MMP8|NPPB|NUB1|OCLN|P4HA2|PAM|PDK1|PDK3|PGK1|PLOD3|PPP2R1B|PSPH|RPE65|SELE|SERPINE1|SOD1|SOD2|SP1|SREBF1|STAT3|TFRC|TIMM17A|TRP53|CHEK2|ALOX15|EPHX2|CD82|CYP2C23|CYP2C8|FDX1|FDXR|NME1|CYP2E1|HPGDS|PTGDS|PTGS1|SSTR2|CYP11A1|CYP17A1|CYP19A1|CYP1A2|CYP2A6|CYP2B1|CYP2B6|CYP2C18|CYP3A41A|CYP3A5|ESR1|ESR2A|ESR2B|NR1I3|ABCA12|ADAM1B|ADGRD1|ALG2|CKAP5|CMTR2|CPD|CXCL3|D0KIST5|D2ERTD295E|D9WSU74E|ENTR1|ETV1|EXOSC10|FAT3|FMNL3|FXYD7|GABRA1|GABRB1|GADL1|GATAD2A|GFRA1|GJB3|GLRA1|GNA12|GRIN1|GRIN2A|GRIN2B|HPRT1|HTR3A|IGSF5|KCNV2|KIF24|KREMEN1,b'x\x9ck`\x99\x9a\xce\xc2\x00\x06=\xa2y\xa5\xb9\x05\x95z\xc9\xf9E\xa9z\xb9\xa59%\x99\x89EE\x89\x95Szx\xe2\x8bR\x93\xf3\xf3\x8aK\x8aJ\x93K\xa6L\x9e\xd2\xc3\nV8\xa5\x87=/\x05\xa2d\xf2\x14o\x86\xd6)\xce\x8cIS\xda\xa7\x04M\xd1\xf0f\xf4\xfe\xde:%\x83\xb9\x875\xa5\xa4\xb2 \x15\xa4\x85)\xd3dJg\x07D\x96\xb9\x87\xd1f\x8a\x9f\x9f\x9f\xd7\x7f \x00\x13\xde\x0c%S\x92:\x9d\xee03P\x04\x18\x81\x98\x19J\xa3\xe3Q0\nF\xc1\xc0\x82)\xc0\\\xae\x07\x00\xde\x9b=F',0|0|0|0|0|0|0|0|0|0|0|0|0|0|0|1|3|1|1|1|1|1|0|0|0|0|0|0|0|0|0|0|0|0|0|0|0|0|0|0|0|0|0|0|0|0|0|0|0|0|0|0|0|0|0|0|0|0|0|0|0|0|0|0|0|0|0|0|0|0|0|0|0|0|0|0|0|0|0|0|0|0|0|0|0|0|0|0|0|0|0|0|0|0|0|0|0|0|0|0|0|0|0|0|0|0|0|0|0|0|0|0|0|0|0|0|0|0|0|0|0|0|0|0|0|0|0|0|0|0|0|0|0|0|0|0|0|0|0|0|0|0|0|0|0|0|0|0|0|0|0|0|0|0|0|0|0|0|0|0|0|0|0|0|0|0|0|0|0|0|0|0|0|0|0|0|0|0|0|0|0|0|0|0|0|0|0|0|0|0|0|0|0|0|0|0|0|0|0|0|0|0|0|0|0|0|0|0|0|0|0|0|0|0|0|0|0|0|0|0|0|0|0|0|0|0|0|0|0|0|0|0|0|0|0|0|0|0|0|0|0|0|0|0|0|0|0
C553100,AR|EPHB2|MAX|MYC|FOS|KCNQ1|KCNQ2|KCNQ3|EPHX1|ABCB1|CYP2C19|CASP3|PPARG|SCD5|CASP8|AKT1|HIF1A|MAPK1|MAPK3|MAPK8|SLC2A1|VEGFA|GP1BA|GYPA|ITGA2B|ITGB3|TFEB|THPO|HAMP|TP53|CASP9|CDKN1A|CHEK1|ACHE|ACTA1|ALB|ATP5F1B|AZGP1|BCHE|CES1C|CTRB2|KIF3C|KRT1|SLC25A4|TF|TRF|ALDH1L2|CASP2|CASP6|BCL2|BCL2L1|DDIT3|MDM2|CYP2D6|CYP2C9|CYP3A4|NR1I2|UGT2B7|BAX|BID|CYCS|DIABLO|FADD|FAS|FASLG|PARP1|XIAP|NR3C1|CXCL8|IL1B|MAPK14|TNF|ABCC1|ALDH3A1|CAV1|CCND1|CHUK|EGFR|GSTA3|GSTA4|HMOX1|HOX1|HSPB1|ICAM1|IKBKB|MMP7|MMP9|NFKBIA|PLAU|PTGR1|PTGS2|RELA|CASP7|CLIC1|CLPP|CSF2|FLT3LG|IL3|KITLG|LAT2|PTEN|RPL23|RPL38|RPS6|SF3A1|BAD|CASP14|COX6A1|GADD45A|GADD45G|H2AX|MADD|MAP2K1|PDCD10|PDCD5|TNFSF10|TOP2A|ACE|AHR|AK1|AKAP9|AKR1C1|AKR1C2|AKR1C3|AKR1C4|ALDOA|ALDOC|ANKRD37|ANPEP|APP|AQP3|ASPA|ATF6|BDNF|BNIP3L|CA9|CAT|CD83|CD86|CFTR|CYP1A1|EGLN1|EGLN2|EGR1|ENO1|ENO2|ENPEP|ERCC2|GAPDH|GPX3|GSR|HBEGF|HIF3A|HILPDA|HK1|HK2|IGFBP5|IL1R1|LAMC2|LDHA|MBTPS2|MIF|MMP8|NPPB|NUB1|OCLN|P4HA2|PAM|PDK1|PDK3|PGK1|PLOD3|PPP2R1B|PSPH|RPE65|SELE|SERPINE1|SOD1|SOD2|SP1|SREBF1|STAT3|TFRC|TIMM17A|TRP53|CHEK2|ALOX15|EPHX2|CD82|CYP2C23|CYP2C8|FDX1|FDXR|NME1|CYP2E1|HPGDS|PTGDS|PTGS1|SSTR2|CYP11A1|CYP17A1|CYP19A1|CYP1A2|CYP2A6|CYP2B1|CYP2B6|CYP2C18|CYP3A41A|CYP3A5|ESR1|ESR2A|ESR2B|NR1I3|ABCA12|ADAM1B|ADGRD1|ALG2|CKAP5|CMTR2|CPD|CXCL3|D0KIST5|D2ERTD295E|D9WSU74E|ENTR1|ETV1|EXOSC10|FAT3|FMNL3|FXYD7|GABRA1|GABRB1|GADL1|GATAD2A|GFRA1|GJB3|GLRA1|GNA12|GRIN1|GRIN2A|GRIN2B|HPRT1|HTR3A|IGSF5|KCNV2|KIF24|KREMEN1,b'x\x9ck`\x99\x9a\xce\xc2\x00\x06=\xa2y\xa5\xb9\x05\x95z\xc9\xf9E\xa9z\xb9\xa59%\x99\x89EE\x89\x95Szx\xe2\x8bR\x93\xf3\xf3\x8aK\x8aJ\x93K\xa6L\x9e\xd2\xc3\nV8\xa5\x87=/\x05\xa2d\xf2\x14o\x86\xd6)\xce\x8cIS\xda\xa7\x04M\xd1\xf0f\xf4\xfe\xde:%\x83\xb9\x875\xa5\xa4\xb2 \x15\xa4\x85)\xd3dJg\x07D\x96\xb9\x87\xd1f\x8a\x9f\x9f\x9f\xd7\x7f \x00\x13\xde\x0c%S\x92:\x9d\xee03\xd0\x0c0\x011#\x94\x86\xb1ih\xdd(\x18\x05\xa3\x00\rL\x01\xe6r=\x00\xe4\x95=H',0|0|0|0|0|0|0|0|0|0|0|0|0|0|0|0|0|0|0|0|0|0|2|1|2|2|1|3|0|0|0|0|0|0|0|0|0|0|0|0|0|0|0|0|0|0|0|0|0|0|0|0|0|0|0|0|0|0|0|0|0|0|0|0|0|0|0|0|0|0|0|0|0|0|0|0|0|0|0|0|0|0|0|0|0|0|0|0|0|0|0|0|0|0|0|0|0|0|0|0|0|0|0|0|0|0|0|0|0|0|0|0|0|0|0|0|0|0|0|0|0|0|0|0|0|0|0|0|0|0|0|0|0|0|0|0|0|0|0|0|0|0|0|0|0|0|0|0|0|0|0|0|0|0|0|0|0|0|0|0|0|0|0|0|0|0|0|0|0|0|0|0|0|0|0|0|0|0|0|0|0|0|0|0|0|0|0|0|0|0|0|0|0|0|0|0|0|0|0|0|0|0|0|0|0|0|0|0|0|0|0|0|0|0|0|0|0|0|0|0|0|0|0|0|0|0|0|0|0|0|0|0|0|0|0|0|0|0|0|0|0|0|0|0|0|0|0
C013759,AR|EPHB2|MAX|MYC|FOS|KCNQ1|KCNQ2|KCNQ3|EPHX1|ABCB1|CYP2C19|CASP3|PPARG|SCD5|CASP8|AKT1|HIF1A|MAPK1|MAPK3|MAPK8|SLC2A1|VEGFA|GP1BA|GYPA|ITGA2B|ITGB3|TFEB|THPO|HAMP|TP53|CASP9|CDKN1A|CHEK1|ACHE|ACTA1|ALB|ATP5F1B|AZGP1|BCHE|CES1C|CTRB2|KIF3C|KRT1|SLC25A4|TF|TRF|ALDH1L2|CASP2|CASP6|BCL2|BCL2L1|DDIT3|MDM2|CYP2D6|CYP2C9|CYP3A4|NR1I2|UGT2B7|BAX|BID|CYCS|DIABLO|FADD|FAS|FASLG|PARP1|XIAP|NR3C1|CXCL8|IL1B|MAPK14|TNF|ABCC1|ALDH3A1|CAV1|CCND1|CHUK|EGFR|GSTA3|GSTA4|HMOX1|HOX1|HSPB1|ICAM1|IKBKB|MMP7|MMP9|NFKBIA|PLAU|PTGR1|PTGS2|RELA|CASP7|CLIC1|CLPP|CSF2|FLT3LG|IL3|KITLG|LAT2|PTEN|RPL23|RPL38|RPS6|SF3A1|BAD|CASP14|COX6A1|GADD45A|GADD45G|H2AX|MADD|MAP2K1|PDCD10|PDCD5|TNFSF10|TOP2A|ACE|AHR|AK1|AKAP9|AKR1C1|AKR1C2|AKR1C3|AKR1C4|ALDOA|ALDOC|ANKRD37|ANPEP|APP|AQP3|ASPA|ATF6|BDNF|BNIP3L|CA9|CAT|CD83|CD86|CFTR|CYP1A1|EGLN1|EGLN2|EGR1|ENO1|ENO2|ENPEP|ERCC2|GAPDH|GPX3|GSR|HBEGF|HIF3A|HILPDA|HK1|HK2|IGFBP5|IL1R1|LAMC2|LDHA|MBTPS2|MIF|MMP8|NPPB|NUB1|OCLN|P4HA2|PAM|PDK1|PDK3|PGK1|PLOD3|PPP2R1B|PSPH|RPE65|SELE|SERPINE1|SOD1|SOD2|SP1|SREBF1|STAT3|TFRC|TIMM17A|TRP53|CHEK2|ALOX15|EPHX2|CD82|CYP2C23|CYP2C8|FDX1|FDXR|NME1|CYP2E1|HPGDS|PTGDS|PTGS1|SSTR2|CYP11A1|CYP17A1|CYP19A1|CYP1A2|CYP2A6|CYP2B1|CYP2B6|CYP2C18|CYP3A41A|CYP3A5|ESR1|ESR2A|ESR2B|NR1I3|ABCA12|ADAM1B|ADGRD1|ALG2|CKAP5|CMTR2|CPD|CXCL3|D0KIST5|D2ERTD295E|D9WSU74E|ENTR1|ETV1|EXOSC10|FAT3|FMNL3|FXYD7|GABRA1|GABRB1|GADL1|GATAD2A|GFRA1|GJB3|GLRA1|GNA12|GRIN1|GRIN2A|GRIN2B|HPRT1|HTR3A|IGSF5|KCNV2|KIF24|KREMEN1,b'x\x9ck`\x99\x9a\xce\xc2\x00\x06=\xa2y\xa5\xb9\x05\x95z\xc9\xf9E\xa9z\xb9\xa59%\x99\x89EE\x89\x95Szx\xe2\x8bR\x93\xf3\xf3\x8aK\x8aJ\x93K\xa6L\x9e\xd2\xc3\nV8\xa5\x87=/\x05\xa2d\xf2\x14o\x86\xd6)\xce\x8cIS\xda\xa7\x04M\xd1\xf0f\xf4\xfe\xde:%\x83\xb9\x875\xa5\xa4\xb2 \x15\xa4\x85)\xd3dJg\x07D\x96\xb9\x87\xd1f\x8a\x9f\x9f\x9f\xd7\x7f \x00\x13\xde\x0c%S\x92:\x9d\xee03\xd0\x1d0\xd2\xdf\xcaQ0\nF$\x98\x02\xcc\xe5z\x00\xc1\x9b=>',0|0|0|0|0|0|0|0|0|0|0|0|0|0|0|0|0|0|0|0|0|0|0|0|0|0|0|0|1|0|0|0|0|0|0|0|0|0|0|0|0|0|0|0|0|0|0|0|0|0|0|0|0|0|0|0|0|0|0|0|0|0|0|0|0|0|0|0|0|0|0|0|0|0|0|0|0|0|0|0|0|0|0|0|0|0|0|0|0|0|0|0|0|0|0|0|0|0|0|0|0|0|0|0|0|0|0|0|0|0|0|0|0|0|0|0|0|0|0|0|0|0|0|0|0|0|0|0|0|0|0|0|0|0|0|0|0|0|0|0|0|0|0|0|0|0|0|0|0|0|0|0|0|0|0|0|0|0|0|0|0|0|0|0|0|0|0|0|0|0|0|0|0|0|0|0|0|0|0|0|0|0|0|0|0|0|0|0|0|0|0|0|0|0|0|0|0|0|0|0|0|0|0|0|0|0|0|0|0|0|0|0|0|0|0|0|0|0|0|0|0|0|0|0|0|0|0|0|0|0|0|0|0|0|0|0|0|0|0|0|0|0|0|0|0|0|0
C026430,AR|EPHB2|MAX|MYC|FOS|KCNQ1|KCNQ2|KCNQ3|EPHX1|ABCB1|CYP2C19|CASP3|PPARG|SCD5|CASP8|AKT1|HIF1A|MAPK1|MAPK3|MAPK8|SLC2A1|VEGFA|GP1BA|GYPA|ITGA2B|ITGB3|TFEB|THPO|HAMP|TP53|CASP9|CDKN1A|CHEK1|ACHE|ACTA1|ALB|ATP5F1B|AZGP1|BCHE|CES1C|CTRB2|KIF3C|KRT1|SLC25A4|TF|TRF|ALDH1L2|CASP2|CASP6|BCL2|BCL2L1|DDIT3|MDM2|CYP2D6|CYP2C9|CYP3A4|NR1I2|UGT2B7|BAX|BID|CYCS|DIABLO|FADD|FAS|FASLG|PARP1|XIAP|NR3C1|CXCL8|IL1B|MAPK14|TNF|ABCC1|ALDH3A1|CAV1|CCND1|CHUK|EGFR|GSTA3|GSTA4|HMOX1|HOX1|HSPB1|ICAM1|IKBKB|MMP7|MMP9|NFKBIA|PLAU|PTGR1|PTGS2|RELA|CASP7|CLIC1|CLPP|CSF2|FLT3LG|IL3|KITLG|LAT2|PTEN|RPL23|RPL38|RPS6|SF3A1|BAD|CASP14|COX6A1|GADD45A|GADD45G|H2AX|MADD|MAP2K1|PDCD10|PDCD5|TNFSF10|TOP2A|ACE|AHR|AK1|AKAP9|AKR1C1|AKR1C2|AKR1C3|AKR1C4|ALDOA|ALDOC|ANKRD37|ANPEP|APP|AQP3|ASPA|ATF6|BDNF|BNIP3L|CA9|CAT|CD83|CD86|CFTR|CYP1A1|EGLN1|EGLN2|EGR1|ENO1|ENO2|ENPEP|ERCC2|GAPDH|GPX3|GSR|HBEGF|HIF3A|HILPDA|HK1|HK2|IGFBP5|IL1R1|LAMC2|LDHA|MBTPS2|MIF|MMP8|NPPB|NUB1|OCLN|P4HA2|PAM|PDK1|PDK3|PGK1|PLOD3|PPP2R1B|PSPH|RPE65|SELE|SERPINE1|SOD1|SOD2|SP1|SREBF1|STAT3|TFRC|TIMM17A|TRP53|CHEK2|ALOX15|EPHX2|CD82|CYP2C23|CYP2C8|FDX1|FDXR|NME1|CYP2E1|HPGDS|PTGDS|PTGS1|SSTR2|CYP11A1|CYP17A1|CYP19A1|CYP1A2|CYP2A6|CYP2B1|CYP2B6|CYP2C18|CYP3A41A|CYP3A5|ESR1|ESR2A|ESR2B|NR1I3|ABCA12|ADAM1B|ADGRD1|ALG2|CKAP5|CMTR2|CPD|CXCL3|D0KIST5|D2ERTD295E|D9WSU74E|ENTR1|ETV1|EXOSC10|FAT3|FMNL3|FXYD7|GABRA1|GABRB1|GADL1|GATAD2A|GFRA1|GJB3|GLRA1|GNA12|GRIN1|GRIN2A|GRIN2B|HPRT1|HTR3A|IGSF5|KCNV2|KIF24|KREMEN1,b'x\x9ck`\x99\x9a\xce\xc2\x00\x06=\xa2y\xa5\xb9\x05\x95z\xc9\xf9E\xa9z\xb9\xa59%\x99\x89EE\x89\x95Szx\xe2\x8bR\x93\xf3\xf3\x8aK\x8aJ\x93K\xa6L\x9e\xd2\xc3\nV8\xa5\x87=/\x05\xa2d\xf2\x14o\x86\xd6)\xce\x8cIS\xda\xa7\x04M\xd1\xf0f\xf4\xfe\xde:%\x83\xb9\x875\xa5\xa4\xb2 \x15\xa4\x85)\xd3dJg\x07D\x96\xb9\x87\xd1f\x8a\x9f\x9f\x9f\xd7\x7f \x00\x13\xde\x0c%S\x92:\x9d\xee03\x0c\x08`\x1a\x18kG\xc1(\x18Q`\n0\x97\xeb\x01\x00\xc5\x04=?',0|0|0|0|0|0|0|0|0|0|0|0|0|0|0|0|0|0|0|0|0|0|0|0|0|0|0|0|0|2|0|0|0|0|0|0|0|0|0|0|0|0|0|0|0|0|0|0|0|0|0|0|0|0|0|0|0|0|0|0|0|0|0|0|0|0|0|0|0|0|0|0|0|0|0|0|0|0|0|0|0|0|0|0|0|0|0|0|0|0|0|0|0|0|0|0|0|0|0|0|0|0|0|0|0|0|0|0|0|0|0|0|0|0|0|0|0|0|0|0|0|0|0|0|0|0|0|0|0|0|0|0|0|0|0|0|0|0|0|0|0|0|0|0|0|0|0|0|0|0|0|0|0|0|0|0|0|0|0|0|0|0|0|0|0|0|0|0|0|0|0|0|0|0|0|0|0|0|0|0|0|0|0|0|0|0|0|0|0|0|0|0|0|0|0|0|0|0|0|0|0|0|0|0|0|0|0|0|0|0|0|0|0|0|0|0|0|0|0|0|0|0|0|0|0|0|0|0|0|0|0|0|0|0|0|0|0|0|0|0|0|0|0|0|0|0|0
C095360,AR|EPHB2|MAX|MYC|FOS|KCNQ1|KCNQ2|KCNQ3|EPHX1|ABCB1|CYP2C19|CASP3|PPARG|SCD5|CASP8|AKT1|HIF1A|MAPK1|MAPK3|MAPK8|SLC2A1|VEGFA|GP1BA|GYPA|ITGA2B|ITGB3|TFEB|THPO|HAMP|TP53|CASP9|CDKN1A|CHEK1|ACHE|ACTA1|ALB|ATP5F1B|AZGP1|BCHE|CES1C|CTRB2|KIF3C|KRT1|SLC25A4|TF|TRF|ALDH1L2|CASP2|CASP6|BCL2|BCL2L1|DDIT3|MDM2|CYP2D6|CYP2C9|CYP3A4|NR1I2|UGT2B7|BAX|BID|CYCS|DIABLO|FADD|FAS|FASLG|PARP1|XIAP|NR3C1|CXCL8|IL1B|MAPK14|TNF|ABCC1|ALDH3A1|CAV1|CCND1|CHUK|EGFR|GSTA3|GSTA4|HMOX1|HOX1|HSPB1|ICAM1|IKBKB|MMP7|MMP9|NFKBIA|PLAU|PTGR1|PTGS2|RELA|CASP7|CLIC1|CLPP|CSF2|FLT3LG|IL3|KITLG|LAT2|PTEN|RPL23|RPL38|RPS6|SF3A1|BAD|CASP14|COX6A1|GADD45A|GADD45G|H2AX|MADD|MAP2K1|PDCD10|PDCD5|TNFSF10|TOP2A|ACE|AHR|AK1|AKAP9|AKR1C1|AKR1C2|AKR1C3|AKR1C4|ALDOA|ALDOC|ANKRD37|ANPEP|APP|AQP3|ASPA|ATF6|BDNF|BNIP3L|CA9|CAT|CD83|CD86|CFTR|CYP1A1|EGLN1|EGLN2|EGR1|ENO1|ENO2|ENPEP|ERCC2|GAPDH|GPX3|GSR|HBEGF|HIF3A|HILPDA|HK1|HK2|IGFBP5|IL1R1|LAMC2|LDHA|MBTPS2|MIF|MMP8|NPPB|NUB1|OCLN|P4HA2|PAM|PDK1|PDK3|PGK1|PLOD3|PPP2R1B|PSPH|RPE65|SELE|SERPINE1|SOD1|SOD2|SP1|SREBF1|STAT3|TFRC|TIMM17A|TRP53|CHEK2|ALOX15|EPHX2|CD82|CYP2C23|CYP2C8|FDX1|FDXR|NME1|CYP2E1|HPGDS|PTGDS|PTGS1|SSTR2|CYP11A1|CYP17A1|CYP19A1|CYP1A2|CYP2A6|CYP2B1|CYP2B6|CYP2C18|CYP3A41A|CYP3A5|ESR1|ESR2A|ESR2B|NR1I3|ABCA12|ADAM1B|ADGRD1|ALG2|CKAP5|CMTR2|CPD|CXCL3|D0KIST5|D2ERTD295E|D9WSU74E|ENTR1|ETV1|EXOSC10|FAT3|FMNL3|FXYD7|GABRA1|GABRB1|GADL1|GATAD2A|GFRA1|GJB3|GLRA1|GNA12|GRIN1|GRIN2A|GRIN2B|HPRT1|HTR3A|IGSF5|KCNV2|KIF24|KREMEN1,b'x\x9ck`\x99\x9a\xce\xc2\x00\x06=\xa2y\xa5\xb9\x05\x95z\xc9\xf9E\xa9z\xb9\xa59%\x99\x89EE\x89\x95Szx\xe2\x8bR\x93\xf3\xf3\x8aK\x8aJ\x93K\xa6L\x9e\xd2\xc3\nV8\xa5\x87=/\x05\xa2d\xf2\x14o\x86\xd6)\xce\x8cIS\xda\xa7\x04M\xd1\xf0f\xf4\xfe\xde:%\x83\xb9\x875\xa5\xa4\xb2 \x15\xa4\x85)\xd3dJg\x07D\x96\xb9\x87\xd1f\x8a\x9f\x9f\x9f\xd7\x7f \x00\x13\xde\x0c%S\x92:\x9d\xee03\x10\x05\x18\x89S6\nF\xc1(\x18D`\n0\x97\xeb\x01\x00\xc1\xe7=>',0|0|0|0|0|0|0|0|0|1|0|0|0|0|0|0|0|0|0|0|0|0|0|0|0|0|0|0|0|0|0|0|0|0|0|0|0|0|0|0|0|0|0|0|0|0|0|0|0|0|0|0|0|0|0|0|0|0|0|0|0|0|0|0|0|0|0|0|0|0|0|0|0|0|0|0|0|0|0|0|0|0|0|0|0|0|0|0|0|0|0|0|0|0|0|0|0|0|0|0|0|0|0|0|0|0|0|0|0|0|0|0|0|0|0|0|0|0|0|0|0|0|0|0|0|0|0|0|0|0|0|0|0|0|0|0|0|0|0|0|0|0|0|0|0|0|0|0|0|0|0|0|0|0|0|0|0|0|0|0|0|0|0|0|0|0|0|0|0|0|0|0|0|0|0|0|0|0|0|0|0|0|0|0|0|0|0|0|0|0|0|0|0|0|0|0|0|0|0|0|0|0|0|0|0|0|0|0|0|0|0|0|0|0|0|0|0|0|0|0|0|0|0|0|0|0|0|0|0|0|0|0|0|0|0|0|0|0|0|0|0|0|0|0|0|0|0
C067795,AR|EPHB2|MAX|MYC|FOS|KCNQ1|KCNQ2|KCNQ3|EPHX1|ABCB1|CYP2C19|CASP3|PPARG|SCD5|CASP8|AKT1|HIF1A|MAPK1|MAPK3|MAPK8|SLC2A1|VEGFA|GP1BA|GYPA|ITGA2B|ITGB3|TFEB|THPO|HAMP|TP53|CASP9|CDKN1A|CHEK1|ACHE|ACTA1|ALB|ATP5F1B|AZGP1|BCHE|CES1C|CTRB2|KIF3C|KRT1|SLC25A4|TF|TRF|ALDH1L2|CASP2|CASP6|BCL2|BCL2L1|DDIT3|MDM2|CYP2D6|CYP2C9|CYP3A4|NR1I2|UGT2B7|BAX|BID|CYCS|DIABLO|FADD|FAS|FASLG|PARP1|XIAP|NR3C1|CXCL8|IL1B|MAPK14|TNF|ABCC1|ALDH3A1|CAV1|CCND1|CHUK|EGFR|GSTA3|GSTA4|HMOX1|HOX1|HSPB1|ICAM1|IKBKB|MMP7|MMP9|NFKBIA|PLAU|PTGR1|PTGS2|RELA|CASP7|CLIC1|CLPP|CSF2|FLT3LG|IL3|KITLG|LAT2|PTEN|RPL23|RPL38|RPS6|SF3A1|BAD|CASP14|COX6A1|GADD45A|GADD45G|H2AX|MADD|MAP2K1|PDCD10|PDCD5|TNFSF10|TOP2A|ACE|AHR|AK1|AKAP9|AKR1C1|AKR1C2|AKR1C3|AKR1C4|ALDOA|ALDOC|ANKRD37|ANPEP|APP|AQP3|ASPA|ATF6|BDNF|BNIP3L|CA9|CAT|CD83|CD86|CFTR|CYP1A1|EGLN1|EGLN2|EGR1|ENO1|ENO2|ENPEP|ERCC2|GAPDH|GPX3|GSR|HBEGF|HIF3A|HILPDA|HK1|HK2|IGFBP5|IL1R1|LAMC2|LDHA|MBTPS2|MIF|MMP8|NPPB|NUB1|OCLN|P4HA2|PAM|PDK1|PDK3|PGK1|PLOD3|PPP2R1B|PSPH|RPE65|SELE|SERPINE1|SOD1|SOD2|SP1|SREBF1|STAT3|TFRC|TIMM17A|TRP53|CHEK2|ALOX15|EPHX2|CD82|CYP2C23|CYP2C8|FDX1|FDXR|NME1|CYP2E1|HPGDS|PTGDS|PTGS1|SSTR2|CYP11A1|CYP17A1|CYP19A1|CYP1A2|CYP2A6|CYP2B1|CYP2B6|CYP2C18|CYP3A41A|CYP3A5|ESR1|ESR2A|ESR2B|NR1I3|ABCA12|ADAM1B|ADGRD1|ALG2|CKAP5|CMTR2|CPD|CXCL3|D0KIST5|D2ERTD295E|D9WSU74E|ENTR1|ETV1|EXOSC10|FAT3|FMNL3|FXYD7|GABRA1|GABRB1|GADL1|GATAD2A|GFRA1|GJB3|GLRA1|GNA12|GRIN1|GRIN2A|GRIN2B|HPRT1|HTR3A|IGSF5|KCNV2|KIF24|KREMEN1,b'x\x9ck`\x99\x9a\xce\xc2\x00\x06=\xa2y\xa5\xb9\x05\x95z\xc9\xf9E\xa9z\xb9\xa59%\x99\x89EE\x89\x95Szx\xe2\x8bR\x93\xf3\xf3\x8aK\x8aJ\x93K\xa6L\x9e\xd2\xc3\nV8\xa5\x87=/\x05\xa2d\xf2\x14o\x86\xd6)\xce\x8cIS\xda\xa7\x04M\xd1\xf0f\xf4\xfe\xde:%\x83\xb9\x875\xa5\xa4\xb2 \x15\xa4\x85)\xd3dJg\x07D\x96\xb9\x87\xd1f\x8a\x9f\x9f\x9f\xd7\x7f \x00\x13\xde\x0c%S\x92:\x9d\xee03\x90\x04\x18IS\x8e\x130A\xcd\x02aV*\x999\nF\xc1(@\x05S\x80\xb9\\\x0f\x00\xe0l=G',0|0|0|0|0|0|0|0|0|0|0|1|0|0|0|0|0|0|0|0|0|0|0|0|0|0|0|0|0|2|1|1|5|0|0|0|0|0|0|0|0|0|0|0|0|0|0|0|0|0|0|0|0|0|0|0|0|0|0|0|0|0|0|0|0|0|0|0|0|0|0|0|0|0|0|0|0|0|0|0|0|0|0|0|0|0|0|0|0|0|0|0|0|0|0|0|0|0|0|0|0|0|0|0|0|0|0|0|0|0|0|0|0|0|0|0|0|0|0|0|0|0|0|0|0|0|0|0|0|0|0|0|0|0|0|0|0|0|0|0|0|0|0|0|0|0|0|0|0|0|0|0|0|0|0|0|0|0|0|0|0|0|0|0|0|0|0|0|0|0|0|0|0|0|0|0|0|0|0|0|0|0|0|0|0|0|0|0|0|0|0|0|0|0|0|0|0|0|0|0|0|0|0|0|0|0|0|0|0|0|0|0|0|0|0|0|0|0|0|0|0|0|0|0|0|0|0|0|0|0|0|0|0|0|0|0|0|0|0|0|0|0|0|0|0|0|0
C403065,AR|EPHB2|MAX|MYC|FOS|KCNQ1|KCNQ2|KCNQ3|EPHX1|ABCB1|CYP2C19|CASP3|PPARG|SCD5|CASP8|AKT1|HIF1A|MAPK1|MAPK3|MAPK8|SLC2A1|VEGFA|GP1BA|GYPA|ITGA2B|ITGB3|TFEB|THPO|HAMP|TP53|CASP9|CDKN1A|CHEK1|ACHE|ACTA1|ALB|ATP5F1B|AZGP1|BCHE|CES1C|CTRB2|KIF3C|KRT1|SLC25A4|TF|TRF|ALDH1L2|CASP2|CASP6|BCL2|BCL2L1|DDIT3|MDM2|CYP2D6|CYP2C9|CYP3A4|NR1I2|UGT2B7|BAX|BID|CYCS|DIABLO|FADD|FAS|FASLG|PARP1|XIAP|NR3C1|CXCL8|IL1B|MAPK14|TNF|ABCC1|ALDH3A1|CAV1|CCND1|CHUK|EGFR|GSTA3|GSTA4|HMOX1|HOX1|HSPB1|ICAM1|IKBKB|MMP7|MMP9|NFKBIA|PLAU|PTGR1|PTGS2|RELA|CASP7|CLIC1|CLPP|CSF2|FLT3LG|IL3|KITLG|LAT2|PTEN|RPL23|RPL38|RPS6|SF3A1|BAD|CASP14|COX6A1|GADD45A|GADD45G|H2AX|MADD|MAP2K1|PDCD10|PDCD5|TNFSF10|TOP2A|ACE|AHR|AK1|AKAP9|AKR1C1|AKR1C2|AKR1C3|AKR1C4|ALDOA|ALDOC|ANKRD37|ANPEP|APP|AQP3|ASPA|ATF6|BDNF|BNIP3L|CA9|CAT|CD83|CD86|CFTR|CYP1A1|EGLN1|EGLN2|EGR1|ENO1|ENO2|ENPEP|ERCC2|GAPDH|GPX3|GSR|HBEGF|HIF3A|HILPDA|HK1|HK2|IGFBP5|IL1R1|LAMC2|LDHA|MBTPS2|MIF|MMP8|NPPB|NUB1|OCLN|P4HA2|PAM|PDK1|PDK3|PGK1|PLOD3|PPP2R1B|PSPH|RPE65|SELE|SERPINE1|SOD1|SOD2|SP1|SREBF1|STAT3|TFRC|TIMM17A|TRP53|CHEK2|ALOX15|EPHX2|CD82|CYP2C23|CYP2C8|FDX1|FDXR|NME1|CYP2E1|HPGDS|PTGDS|PTGS1|SSTR2|CYP11A1|CYP17A1|CYP19A1|CYP1A2|CYP2A6|CYP2B1|CYP2B6|CYP2C18|CYP3A41A|CYP3A5|ESR1|ESR2A|ESR2B|NR1I3|ABCA12|ADAM1B|ADGRD1|ALG2|CKAP5|CMTR2|CPD|CXCL3|D0KIST5|D2ERTD295E|D9WSU74E|ENTR1|ETV1|EXOSC10|FAT3|FMNL3|FXYD7|GABRA1|GABRB1|GADL1|GATAD2A|GFRA1|GJB3|GLRA1|GNA12|GRIN1|GRIN2A|GRIN2B|HPRT1|HTR3A|IGSF5|KCNV2|KIF24|KREMEN1,b'x\x9ck`\x99\x9a\xce\xc2\x00\x06=\xa2y\xa5\xb9\x05\x95z\xc9\xf9E\xa9z\xb9\xa59%\x99\x89EE\x89\x95Szx\xe2\x8bR\x93\xf3\xf3\x8aK\x8aJ\x93K\xa6L\x9e\xd2\xc3\nV8\xa5\x87=/\x05\xa2d\xf2\x14o\x86\xd6)\xce\x8cIS\xda\xa7\x04M\xd1\xf0f\xf4\xfe\xde:%\x83\xb9\x875\xa5\xa4\xb2 \x15\xa4\x85)\xd3dJg\x07D\x96\xb9\x87\xd1f\x8a\x9f\x9f\x9f\xd7\x7f \x00\x13\xde\x0c%S\x92:\x9d\xee03\x0c\n\xc0H\x06\x1e\x05\xa3`\x14\xe0\x07S\x80\xb9\\\x0f\x00\xe8\xab=J',0|0|0|0|0|0|0|0|0|0|0|0|0|0|0|0|0|0|0|0|0|0|0|0|0|0|0|0|0|0|0|0|0|1|1|1|1|1|1|1|1|1|1|1|1|1|0|0|0|0|0|0|0|0|0|0|0|0|0|0|0|0|0|0|0|0|0|0|0|0|0|0|0|0|0|0|0|0|0|0|0|0|0|0|0|0|0|0|0|0|0|0|0|0|0|0|0|0|0|0|0|0|0|0|0|0|0|0|0|0|0|0|0|0|0|0|0|0|0|0|0|0|0|0|0|0|0|0|0|0|0|0|0|0|0|0|0|0|0|0|0|0|0|0|0|0|0|0|0|0|0|0|0|0|0|0|0|0|0|0|0|0|0|0|0|0|0|0|0|0|0|0|0|0|0|0|0|0|0|0|0|0|0|0|0|0|0|0|0|0|0|0|0|0|0|0|0|0|0|0|0|0|0|0|0|0|0|0|0|0|0|0|0|0|0|0|0|0|0|0|0|0|0|0|0|0|0|0|0|0|0|0|0|0|0|0|0|0|0|0|0|0|0|0|0|0|0
C010161,AR|EPHB2|MAX|MYC|FOS|KCNQ1|KCNQ2|KCNQ3|EPHX1|ABCB1|CYP2C19|CASP3|PPARG|SCD5|CASP8|AKT1|HIF1A|MAPK1|MAPK3|MAPK8|SLC2A1|VEGFA|GP1BA|GYPA|ITGA2B|ITGB3|TFEB|THPO|HAMP|TP53|CASP9|CDKN1A|CHEK1|ACHE|ACTA1|ALB|ATP5F1B|AZGP1|BCHE|CES1C|CTRB2|KIF3C|KRT1|SLC25A4|TF|TRF|ALDH1L2|CASP2|CASP6|BCL2|BCL2L1|DDIT3|MDM2|CYP2D6|CYP2C9|CYP3A4|NR1I2|UGT2B7|BAX|BID|CYCS|DIABLO|FADD|FAS|FASLG|PARP1|XIAP|NR3C1|CXCL8|IL1B|MAPK14|TNF|ABCC1|ALDH3A1|CAV1|CCND1|CHUK|EGFR|GSTA3|GSTA4|HMOX1|HOX1|HSPB1|ICAM1|IKBKB|MMP7|MMP9|NFKBIA|PLAU|PTGR1|PTGS2|RELA|CASP7|CLIC1|CLPP|CSF2|FLT3LG|IL3|KITLG|LAT2|PTEN|RPL23|RPL38|RPS6|SF3A1|BAD|CASP14|COX6A1|GADD45A|GADD45G|H2AX|MADD|MAP2K1|PDCD10|PDCD5|TNFSF10|TOP2A|ACE|AHR|AK1|AKAP9|AKR1C1|AKR1C2|AKR1C3|AKR1C4|ALDOA|ALDOC|ANKRD37|ANPEP|APP|AQP3|ASPA|ATF6|BDNF|BNIP3L|CA9|CAT|CD83|CD86|CFTR|CYP1A1|EGLN1|EGLN2|EGR1|ENO1|ENO2|ENPEP|ERCC2|GAPDH|GPX3|GSR|HBEGF|HIF3A|HILPDA|HK1|HK2|IGFBP5|IL1R1|LAMC2|LDHA|MBTPS2|MIF|MMP8|NPPB|NUB1|OCLN|P4HA2|PAM|PDK1|PDK3|PGK1|PLOD3|PPP2R1B|PSPH|RPE65|SELE|SERPINE1|SOD1|SOD2|SP1|SREBF1|STAT3|TFRC|TIMM17A|TRP53|CHEK2|ALOX15|EPHX2|CD82|CYP2C23|CYP2C8|FDX1|FDXR|NME1|CYP2E1|HPGDS|PTGDS|PTGS1|SSTR2|CYP11A1|CYP17A1|CYP19A1|CYP1A2|CYP2A6|CYP2B1|CYP2B6|CYP2C18|CYP3A41A|CYP3A5|ESR1|ESR2A|ESR2B|NR1I3|ABCA12|ADAM1B|ADGRD1|ALG2|CKAP5|CMTR2|CPD|CXCL3|D0KIST5|D2ERTD295E|D9WSU74E|ENTR1|ETV1|EXOSC10|FAT3|FMNL3|FXYD7|GABRA1|GABRB1|GADL1|GATAD2A|GFRA1|GJB3|GLRA1|GNA12|GRIN1|GRIN2A|GRIN2B|HPRT1|HTR3A|IGSF5|KCNV2|KIF24|KREMEN1,b'x\x9ck`\x99\x9a\xce\xc2\x00\x06=\xa2y\xa5\xb9\x05\x95z\xc9\xf9E\xa9z\xb9\xa59%\x99\x89EE\x89\x95Szx\xe2\x8bR\x93\xf3\xf3\x8aK\x8aJ\x93K\xa6L\x9e\xd2\xc3\nV8\xa5\x87=/\x05\xa2d\xf2\x14o\x86\xd6)\xce\x8cIS\xda\xa7\x04M\xd1\xf0f\xf4\xfe\xde:%\x83\xb9\x875\xa5\xa4\xb2 \x15\xa4\x85)\xd3dJg\x07D\x96\xb9\x87\xd1f\x8a\x9f\x9f\x9f\xd7\x7f \x00\x13\xde\x0c%S\x92:\x9d\xee03\x0cY\xc08\xd0\x0e\x18\x05\xa3`\x90\x83)\xc0\\\xae\x07\x00\xc1S=>',0|0|0|0|0|0|0|0|0|0|0|0|0|0|0|0|0|0|0|0|0|0|0|0|0|0|0|0|0|0|0|0|0|0|0|0|0|0|0|0|0|0|0|0|0|0|1|0|0|0|0|0|0|0|0|0|0|0|0|0|0|0|0|0|0|0|0|0|0|0|0|0|0|0|0|0|0|0|0|0|0|0|0|0|0|0|0|0|0|0|0|0|0|0|0|0|0|0|0|0|0|0|0|0|0|0|0|0|0|0|0|0|0|0|0|0|0|0|0|0|0|0|0|0|0|0|0|0|0|0|0|0|0|0|0|0|0|0|0|0|0|0|0|0|0|0|0|0|0|0|0|0|0|0|0|0|0|0|0|0|0|0|0|0|0|0|0|0|0|0|0|0|0|0|0|0|0|0|0|0|0|0|0|0|0|0|0|0|0|0|0|0|0|0|0|0|0|0|0|0|0|0|0|0|0|0|0|0|0|0|0|0|0|0|0|0|0|0|0|0|0|0|0|0|0|0|0|0|0|0|0|0|0|0|0|0|0|0|0|0|0|0|0|0|0|0|0
C000627785,AR|EPHB2|MAX|MYC|FOS|KCNQ1|KCNQ2|KCNQ3|EPHX1|ABCB1|CYP2C19|CASP3|PPARG|SCD5|CASP8|AKT1|HIF1A|MAPK1|MAPK3|MAPK8|SLC2A1|VEGFA|GP1BA|GYPA|ITGA2B|ITGB3|TFEB|THPO|HAMP|TP53|CASP9|CDKN1A|CHEK1|ACHE|ACTA1|ALB|ATP5F1B|AZGP1|BCHE|CES1C|CTRB2|KIF3C|KRT1|SLC25A4|TF|TRF|ALDH1L2|CASP2|CASP6|BCL2|BCL2L1|DDIT3|MDM2|CYP2D6|CYP2C9|CYP3A4|NR1I2|UGT2B7|BAX|BID|CYCS|DIABLO|FADD|FAS|FASLG|PARP1|XIAP|NR3C1|CXCL8|IL1B|MAPK14|TNF|ABCC1|ALDH3A1|CAV1|CCND1|CHUK|EGFR|GSTA3|GSTA4|HMOX1|HOX1|HSPB1|ICAM1|IKBKB|MMP7|MMP9|NFKBIA|PLAU|PTGR1|PTGS2|RELA|CASP7|CLIC1|CLPP|CSF2|FLT3LG|IL3|KITLG|LAT2|PTEN|RPL23|RPL38|RPS6|SF3A1|BAD|CASP14|COX6A1|GADD45A|GADD45G|H2AX|MADD|MAP2K1|PDCD10|PDCD5|TNFSF10|TOP2A|ACE|AHR|AK1|AKAP9|AKR1C1|AKR1C2|AKR1C3|AKR1C4|ALDOA|ALDOC|ANKRD37|ANPEP|APP|AQP3|ASPA|ATF6|BDNF|BNIP3L|CA9|CAT|CD83|CD86|CFTR|CYP1A1|EGLN1|EGLN2|EGR1|ENO1|ENO2|ENPEP|ERCC2|GAPDH|GPX3|GSR|HBEGF|HIF3A|HILPDA|HK1|HK2|IGFBP5|IL1R1|LAMC2|LDHA|MBTPS2|MIF|MMP8|NPPB|NUB1|OCLN|P4HA2|PAM|PDK1|PDK3|PGK1|PLOD3|PPP2R1B|PSPH|RPE65|SELE|SERPINE1|SOD1|SOD2|SP1|SREBF1|STAT3|TFRC|TIMM17A|TRP53|CHEK2|ALOX15|EPHX2|CD82|CYP2C23|CYP2C8|FDX1|FDXR|NME1|CYP2E1|HPGDS|PTGDS|PTGS1|SSTR2|CYP11A1|CYP17A1|CYP19A1|CYP1A2|CYP2A6|CYP2B1|CYP2B6|CYP2C18|CYP3A41A|CYP3A5|ESR1|ESR2A|ESR2B|NR1I3|ABCA12|ADAM1B|ADGRD1|ALG2|CKAP5|CMTR2|CPD|CXCL3|D0KIST5|D2ERTD295E|D9WSU74E|ENTR1|ETV1|EXOSC10|FAT3|FMNL3|FXYD7|GABRA1|GABRB1|GADL1|GATAD2A|GFRA1|GJB3|GLRA1|GNA12|GRIN1|GRIN2A|GRIN2B|HPRT1|HTR3A|IGSF5|KCNV2|KIF24|KREMEN1,b'x\x9ck`\x99\x9a\xce\xc2\x00\x06=\xa2y\xa5\xb9\x05\x95z\xc9\xf9E\xa9z\xb9\xa59%\x99\x89EE\x89\x95Szx\xe2\x8bR\x93\xf3\xf3\x8aK\x8aJ\x93K\xa6L\x9e\xd2\xc3\nV8\xa5\x87=/\x05\xa2d\xf2\x14o\x86\xd6)\xce\x8cIS\xda\xa7\x04M\xd1\xf0f\xf4\xfe\xde:%\x83\xb9\x875\xa5\xa4\xb2 \x15\xa4\x85)\xd3dJg\x07D\x96\xb9\x87\xd1f\x8a\x9f\x9f\x9f\xd7\x7f \x00\x13\xde\x0c%S\x92:\x9d\xee03\x90\r\x18\xc9\xd7J\x15\xfd03\xa8a\xce(\x18\x05\xc3\x11L\x01\xe6r=\x00\xcb\x82=A',0|0|0|0|0|0|0|0|0|0|0|0|0|0|1|0|0|0|0|0|0|0|0|0|0|0|0|0|0|0|1|0|0|0|0|0|0|0|0|0|0|0|0|0|0|0|0|1|1|0|0|0|0|0|0|0|0|0|0|0|0|0|0|0|0|0|0|0|0|0|0|0|0|0|0|0|0|0|0|0|0|0|0|0|0|0|0|0|0|0|0|0|0|0|0|0|0|0|0|0|0|0|0|0|0|0|0|0|0|0|0|0|0|0|0|0|0|0|0|0|0|0|0|0|0|0|0|0|0|0|0|0|0|0|0|0|0|0|0|0|0|0|0|0|0|0|0|0|0|0|0|0|0|0|0|0|0|0|0|0|0|0|0|0|0|0|0|0|0|0|0|0|0|0|0|0|0|0|0|0|0|0|0|0|0|0|0|0|0|0|0|0|0|0|0|0|0|0|0|0|0|0|0|0|0|0|0|0|0|0|0|0|0|0|0|0|0|0|0|0|0|0|0|0|0|0|0|0|0|0|0|0|0|0|0|0|0|0|0|0|0|0|0|0|0|0|0
C028098,AR|EPHB2|MAX|MYC|FOS|KCNQ1|KCNQ2|KCNQ3|EPHX1|ABCB1|CYP2C19|CASP3|PPARG|SCD5|CASP8|AKT1|HIF1A|MAPK1|MAPK3|MAPK8|SLC2A1|VEGFA|GP1BA|GYPA|ITGA2B|ITGB3|TFEB|THPO|HAMP|TP53|CASP9|CDKN1A|CHEK1|ACHE|ACTA1|ALB|ATP5F1B|AZGP1|BCHE|CES1C|CTRB2|KIF3C|KRT1|SLC25A4|TF|TRF|ALDH1L2|CASP2|CASP6|BCL2|BCL2L1|DDIT3|MDM2|CYP2D6|CYP2C9|CYP3A4|NR1I2|UGT2B7|BAX|BID|CYCS|DIABLO|FADD|FAS|FASLG|PARP1|XIAP|NR3C1|CXCL8|IL1B|MAPK14|TNF|ABCC1|ALDH3A1|CAV1|CCND1|CHUK|EGFR|GSTA3|GSTA4|HMOX1|HOX1|HSPB1|ICAM1|IKBKB|MMP7|MMP9|NFKBIA|PLAU|PTGR1|PTGS2|RELA|CASP7|CLIC1|CLPP|CSF2|FLT3LG|IL3|KITLG|LAT2|PTEN|RPL23|RPL38|RPS6|SF3A1|BAD|CASP14|COX6A1|GADD45A|GADD45G|H2AX|MADD|MAP2K1|PDCD10|PDCD5|TNFSF10|TOP2A|ACE|AHR|AK1|AKAP9|AKR1C1|AKR1C2|AKR1C3|AKR1C4|ALDOA|ALDOC|ANKRD37|ANPEP|APP|AQP3|ASPA|ATF6|BDNF|BNIP3L|CA9|CAT|CD83|CD86|CFTR|CYP1A1|EGLN1|EGLN2|EGR1|ENO1|ENO2|ENPEP|ERCC2|GAPDH|GPX3|GSR|HBEGF|HIF3A|HILPDA|HK1|HK2|IGFBP5|IL1R1|LAMC2|LDHA|MBTPS2|MIF|MMP8|NPPB|NUB1|OCLN|P4HA2|PAM|PDK1|PDK3|PGK1|PLOD3|PPP2R1B|PSPH|RPE65|SELE|SERPINE1|SOD1|SOD2|SP1|SREBF1|STAT3|TFRC|TIMM17A|TRP53|CHEK2|ALOX15|EPHX2|CD82|CYP2C23|CYP2C8|FDX1|FDXR|NME1|CYP2E1|HPGDS|PTGDS|PTGS1|SSTR2|CYP11A1|CYP17A1|CYP19A1|CYP1A2|CYP2A6|CYP2B1|CYP2B6|CYP2C18|CYP3A41A|CYP3A5|ESR1|ESR2A|ESR2B|NR1I3|ABCA12|ADAM1B|ADGRD1|ALG2|CKAP5|CMTR2|CPD|CXCL3|D0KIST5|D2ERTD295E|D9WSU74E|ENTR1|ETV1|EXOSC10|FAT3|FMNL3|FXYD7|GABRA1|GABRB1|GADL1|GATAD2A|GFRA1|GJB3|GLRA1|GNA12|GRIN1|GRIN2A|GRIN2B|HPRT1|HTR3A|IGSF5|KCNV2|KIF24|KREMEN1,b'x\x9ck`\x99\x9a\xce\xc2\x00\x06=\xa2y\xa5\xb9\x05\x95z\xc9\xf9E\xa9z\xb9\xa59%\x99\x89EE\x89\x95Szx\xe2\x8bR\x93\xf3\xf3\x8aK\x8aJ\x93K\xa6L\x9e\xd2\xc3\nV8\xa5\x87=/\x05\xa2d\xf2\x14o\x86\xd6)\xce\x8cIS\xda\xa7\x04M\xd1\xf0f\xf4\xfe\xde:%\x83\xb9\x875\xa5\xa4\xb2 \x15\xa4\x85)\xd3dJg\x07D\x96\xb9\x87\xd1f\x8a\x9f\x9f\x9f\xd7\x7f \x00\x13\xde\x0c%S\x92:\x9d\xee03\x90\x04\x18ISN7\xc0\x88\x86G\xc1(\x18\x05\x0c\x0cS\x80\xb9\\\x0f\x00\xce;=B',0|0|0|0|0|0|0|0|0|0|0|1|0|0|0|0|0|0|0|0|0|0|0|0|0|0|0|0|0|0|0|0|0|0|0|0|0|0|0|0|0|0|0|0|0|0|0|0|0|1|1|1|1|0|0|0|0|0|0|0|0|0|0|0|0|0|0|0|0|0|0|0|0|0|0|0|0|0|0|0|0|0|0|0|0|0|0|0|0|0|0|0|0|0|0|0|0|0|0|0|0|0|0|0|0|0|0|0|0|0|0|0|0|0|0|0|0|0|0|0|0|0|0|0|0|0|0|0|0|0|0|0|0|0|0|0|0|0|0|0|0|0|0|0|0|0|0|0|0|0|0|0|0|0|0|0|0|0|0|0|0|0|0|0|0|0|0|0|0|0|0|0|0|0|0|0|0|0|0|0|0|0|0|0|0|0|0|0|0|0|0|0|0|0|0|0|0|0|0|0|0|0|0|0|0|0|0|0|0|0|0|0|0|0|0|0|0|0|0|0|0|0|0|0|0|0|0|0|0|0|0|0|0|0|0|0|0|0|0|0|0|0|0|0|0|0|0
C013567,AR|EPHB2|MAX|MYC|FOS|KCNQ1|KCNQ2|KCNQ3|EPHX1|ABCB1|CYP2C19|CASP3|PPARG|SCD5|CASP8|AKT1|HIF1A|MAPK1|MAPK3|MAPK8|SLC2A1|VEGFA|GP1BA|GYPA|ITGA2B|ITGB3|TFEB|THPO|HAMP|TP53|CASP9|CDKN1A|CHEK1|ACHE|ACTA1|ALB|ATP5F1B|AZGP1|BCHE|CES1C|CTRB2|KIF3C|KRT1|SLC25A4|TF|TRF|ALDH1L2|CASP2|CASP6|BCL2|BCL2L1|DDIT3|MDM2|CYP2D6|CYP2C9|CYP3A4|NR1I2|UGT2B7|BAX|BID|CYCS|DIABLO|FADD|FAS|FASLG|PARP1|XIAP|NR3C1|CXCL8|IL1B|MAPK14|TNF|ABCC1|ALDH3A1|CAV1|CCND1|CHUK|EGFR|GSTA3|GSTA4|HMOX1|HOX1|HSPB1|ICAM1|IKBKB|MMP7|MMP9|NFKBIA|PLAU|PTGR1|PTGS2|RELA|CASP7|CLIC1|CLPP|CSF2|FLT3LG|IL3|KITLG|LAT2|PTEN|RPL23|RPL38|RPS6|SF3A1|BAD|CASP14|COX6A1|GADD45A|GADD45G|H2AX|MADD|MAP2K1|PDCD10|PDCD5|TNFSF10|TOP2A|ACE|AHR|AK1|AKAP9|AKR1C1|AKR1C2|AKR1C3|AKR1C4|ALDOA|ALDOC|ANKRD37|ANPEP|APP|AQP3|ASPA|ATF6|BDNF|BNIP3L|CA9|CAT|CD83|CD86|CFTR|CYP1A1|EGLN1|EGLN2|EGR1|ENO1|ENO2|ENPEP|ERCC2|GAPDH|GPX3|GSR|HBEGF|HIF3A|HILPDA|HK1|HK2|IGFBP5|IL1R1|LAMC2|LDHA|MBTPS2|MIF|MMP8|NPPB|NUB1|OCLN|P4HA2|PAM|PDK1|PDK3|PGK1|PLOD3|PPP2R1B|PSPH|RPE65|SELE|SERPINE1|SOD1|SOD2|SP1|SREBF1|STAT3|TFRC|TIMM17A|TRP53|CHEK2|ALOX15|EPHX2|CD82|CYP2C23|CYP2C8|FDX1|FDXR|NME1|CYP2E1|HPGDS|PTGDS|PTGS1|SSTR2|CYP11A1|CYP17A1|CYP19A1|CYP1A2|CYP2A6|CYP2B1|CYP2B6|CYP2C18|CYP3A41A|CYP3A5|ESR1|ESR2A|ESR2B|NR1I3|ABCA12|ADAM1B|ADGRD1|ALG2|CKAP5|CMTR2|CPD|CXCL3|D0KIST5|D2ERTD295E|D9WSU74E|ENTR1|ETV1|EXOSC10|FAT3|FMNL3|FXYD7|GABRA1|GABRB1|GADL1|GATAD2A|GFRA1|GJB3|GLRA1|GNA12|GRIN1|GRIN2A|GRIN2B|HPRT1|HTR3A|IGSF5|KCNV2|KIF24|KREMEN1,b'x\x9ck`\x99\x9a\xce\xc2\x00\x06=\xa2y\xa5\xb9\x05\x95z\xc9\xf9E\xa9z\xb9\xa59%\x99\x89EE\x89\x95Szx\xe2\x8bR\x93\xf3\xf3\x8aK\x8aJ\x93K\xa6L\x9e\xd2\xc3\nV8\xa5\x87=/\x05\xa2d\xf2\x14o\x86\xd6)\xce\x8cIS\xda\xa7\x04M\xd1\xf0f\xf4\xfe\xde:%\x83\xb9\x875\xa5\xa4\xb2 \x15\xa4\x85)\xd3dJg\x07D\x96\xb9\x87\xd1f\x8a\x9f\x9f\x9f\xd7\x7f \x00\x13\xde\x0c%S\x92:\x9d\xee03\x0cK0L\xbd5\nF\x01I`\n0\x97\xeb\x01\x00\xc7Q=@',0|0|0|0|0|0|0|0|0|0|0|0|0|0|0|0|0|0|0|0|0|0|0|0|0|0|0|0|0|0|0|0|0|0|0|0|0|0|0|0|0|0|0|0|0|0|0|0|0|0|0|0|0|3|0|0|0|0|0|0|0|0|0|0|0|0|0|0|0|0|0|0|0|0|0|0|0|0|0|0|0|0|0|0|0|0|0|0|0|0|0|0|0|0|0|0|0|0|0|0|0|0|0|0|0|0|0|0|0|0|0|0|0|0|0|0|0|0|0|0|0|0|0|0|0|0|0|0|0|0|0|0|0|0|0|0|0|0|0|0|0|0|0|0|0|0|0|0|0|0|0|0|0|0|0|0|0|0|0|0|0|0|0|0|0|0|0|0|0|0|0|0|0|0|0|0|0|0|0|0|0|0|0|0|0|0|0|0|0|0|0|0|0|0|0|0|0|0|0|0|0|0|0|0|0|0|0|0|0|0|0|0|0|0|0|0|0|0|0|0|0|0|0|0|0|0|0|0|0|0|0|0|0|0|0|0|0|0|0|0|0|0|0|0|0|0|0
C065719,AR|EPHB2|MAX|MYC|FOS|KCNQ1|KCNQ2|KCNQ3|EPHX1|ABCB1|CYP2C19|CASP3|PPARG|SCD5|CASP8|AKT1|HIF1A|MAPK1|MAPK3|MAPK8|SLC2A1|VEGFA|GP1BA|GYPA|ITGA2B|ITGB3|TFEB|THPO|HAMP|TP53|CASP9|CDKN1A|CHEK1|ACHE|ACTA1|ALB|ATP5F1B|AZGP1|BCHE|CES1C|CTRB2|KIF3C|KRT1|SLC25A4|TF|TRF|ALDH1L2|CASP2|CASP6|BCL2|BCL2L1|DDIT3|MDM2|CYP2D6|CYP2C9|CYP3A4|NR1I2|UGT2B7|BAX|BID|CYCS|DIABLO|FADD|FAS|FASLG|PARP1|XIAP|NR3C1|CXCL8|IL1B|MAPK14|TNF|ABCC1|ALDH3A1|CAV1|CCND1|CHUK|EGFR|GSTA3|GSTA4|HMOX1|HOX1|HSPB1|ICAM1|IKBKB|MMP7|MMP9|NFKBIA|PLAU|PTGR1|PTGS2|RELA|CASP7|CLIC1|CLPP|CSF2|FLT3LG|IL3|KITLG|LAT2|PTEN|RPL23|RPL38|RPS6|SF3A1|BAD|CASP14|COX6A1|GADD45A|GADD45G|H2AX|MADD|MAP2K1|PDCD10|PDCD5|TNFSF10|TOP2A|ACE|AHR|AK1|AKAP9|AKR1C1|AKR1C2|AKR1C3|AKR1C4|ALDOA|ALDOC|ANKRD37|ANPEP|APP|AQP3|ASPA|ATF6|BDNF|BNIP3L|CA9|CAT|CD83|CD86|CFTR|CYP1A1|EGLN1|EGLN2|EGR1|ENO1|ENO2|ENPEP|ERCC2|GAPDH|GPX3|GSR|HBEGF|HIF3A|HILPDA|HK1|HK2|IGFBP5|IL1R1|LAMC2|LDHA|MBTPS2|MIF|MMP8|NPPB|NUB1|OCLN|P4HA2|PAM|PDK1|PDK3|PGK1|PLOD3|PPP2R1B|PSPH|RPE65|SELE|SERPINE1|SOD1|SOD2|SP1|SREBF1|STAT3|TFRC|TIMM17A|TRP53|CHEK2|ALOX15|EPHX2|CD82|CYP2C23|CYP2C8|FDX1|FDXR|NME1|CYP2E1|HPGDS|PTGDS|PTGS1|SSTR2|CYP11A1|CYP17A1|CYP19A1|CYP1A2|CYP2A6|CYP2B1|CYP2B6|CYP2C18|CYP3A41A|CYP3A5|ESR1|ESR2A|ESR2B|NR1I3|ABCA12|ADAM1B|ADGRD1|ALG2|CKAP5|CMTR2|CPD|CXCL3|D0KIST5|D2ERTD295E|D9WSU74E|ENTR1|ETV1|EXOSC10|FAT3|FMNL3|FXYD7|GABRA1|GABRB1|GADL1|GATAD2A|GFRA1|GJB3|GLRA1|GNA12|GRIN1|GRIN2A|GRIN2B|HPRT1|HTR3A|IGSF5|KCNV2|KIF24|KREMEN1,b'x\x9ck`\x99\x9a\xce\xc2\x00\x06=\xa2y\xa5\xb9\x05\x95z\xc9\xf9E\xa9z\xb9\xa59%\x99\x89EE\x89\x95Szx\xe2\x8bR\x93\xf3\xf3\x8aK\x8aJ\x93K\xa6L\x9e\xd2\xc3\nV8\xa5\x87=/\x05\xa2d\xf2\x14o\x86\xd6)\xce\x8cIS\xda\xa7\x04M\xd1\xf0f\xf4\xfe\xde:%\x83\xb9\x875\xa5\xa4\xb2 \x15\xa4\x85)\xd3dJg\x07D\x96\xb9\x87\xd1f\x8a\x9f\x9f\x9f\xd7\x7f \x00\x13\xde\x0c%S\x92:\x9d\xee03\x0c[\x00\ndf$<\nF\xc1H\x03S\x80\xb9\\\x0f\x00\xe5W=J',0|0|0|0|0|0|0|0|0|0|0|0|0|0|0|0|0|0|0|0|0|0|0|0|0|0|0|0|0|0|0|0|0|0|0|0|0|0|0|0|0|0|0|0|0|0|0|0|0|0|0|0|0|0|4|3|3|3|0|0|0|0|0|0|0|0|0|0|0|0|0|0|0|0|0|0|0|0|0|0|0|0|0|0|0|0|0|0|0|0|0|0|0|0|0|0|0|0|0|0|0|0|0|0|0|0|0|0|0|0|0|0|0|0|0|0|0|0|0|0|0|0|0|0|0|0|0|0|0|0|0|0|0|0|0|0|0|0|0|0|0|0|0|0|0|0|0|0|0|0|0|0|0|0|0|0|0|0|0|0|0|0|0|0|0|0|0|0|0|0|0|0|0|0|0|0|0|0|0|0|0|0|0|0|0|0|0|0|0|0|0|0|0|0|0|0|0|0|0|0|0|0|0|0|0|0|0|0|0|0|0|0|0|0|0|0|0|0|0|0|0|0|0|0|0|0|0|0|0|0|0|0|0|0|0|0|0|0|0|0|0|0|0|0|0|0|0
C554291,AR|EPHB2|MAX|MYC|FOS|KCNQ1|KCNQ2|KCNQ3|EPHX1|ABCB1|CYP2C19|CASP3|PPARG|SCD5|CASP8|AKT1|HIF1A|MAPK1|MAPK3|MAPK8|SLC2A1|VEGFA|GP1BA|GYPA|ITGA2B|ITGB3|TFEB|THPO|HAMP|TP53|CASP9|CDKN1A|CHEK1|ACHE|ACTA1|ALB|ATP5F1B|AZGP1|BCHE|CES1C|CTRB2|KIF3C|KRT1|SLC25A4|TF|TRF|ALDH1L2|CASP2|CASP6|BCL2|BCL2L1|DDIT3|MDM2|CYP2D6|CYP2C9|CYP3A4|NR1I2|UGT2B7|BAX|BID|CYCS|DIABLO|FADD|FAS|FASLG|PARP1|XIAP|NR3C1|CXCL8|IL1B|MAPK14|TNF|ABCC1|ALDH3A1|CAV1|CCND1|CHUK|EGFR|GSTA3|GSTA4|HMOX1|HOX1|HSPB1|ICAM1|IKBKB|MMP7|MMP9|NFKBIA|PLAU|PTGR1|PTGS2|RELA|CASP7|CLIC1|CLPP|CSF2|FLT3LG|IL3|KITLG|LAT2|PTEN|RPL23|RPL38|RPS6|SF3A1|BAD|CASP14|COX6A1|GADD45A|GADD45G|H2AX|MADD|MAP2K1|PDCD10|PDCD5|TNFSF10|TOP2A|ACE|AHR|AK1|AKAP9|AKR1C1|AKR1C2|AKR1C3|AKR1C4|ALDOA|ALDOC|ANKRD37|ANPEP|APP|AQP3|ASPA|ATF6|BDNF|BNIP3L|CA9|CAT|CD83|CD86|CFTR|CYP1A1|EGLN1|EGLN2|EGR1|ENO1|ENO2|ENPEP|ERCC2|GAPDH|GPX3|GSR|HBEGF|HIF3A|HILPDA|HK1|HK2|IGFBP5|IL1R1|LAMC2|LDHA|MBTPS2|MIF|MMP8|NPPB|NUB1|OCLN|P4HA2|PAM|PDK1|PDK3|PGK1|PLOD3|PPP2R1B|PSPH|RPE65|SELE|SERPINE1|SOD1|SOD2|SP1|SREBF1|STAT3|TFRC|TIMM17A|TRP53|CHEK2|ALOX15|EPHX2|CD82|CYP2C23|CYP2C8|FDX1|FDXR|NME1|CYP2E1|HPGDS|PTGDS|PTGS1|SSTR2|CYP11A1|CYP17A1|CYP19A1|CYP1A2|CYP2A6|CYP2B1|CYP2B6|CYP2C18|CYP3A41A|CYP3A5|ESR1|ESR2A|ESR2B|NR1I3|ABCA12|ADAM1B|ADGRD1|ALG2|CKAP5|CMTR2|CPD|CXCL3|D0KIST5|D2ERTD295E|D9WSU74E|ENTR1|ETV1|EXOSC10|FAT3|FMNL3|FXYD7|GABRA1|GABRB1|GADL1|GATAD2A|GFRA1|GJB3|GLRA1|GNA12|GRIN1|GRIN2A|GRIN2B|HPRT1|HTR3A|IGSF5|KCNV2|KIF24|KREMEN1,b'x\x9ck`\x99\x9a\xce\xc2\x00\x06=\xa2y\xa5\xb9\x05\x95z\xc9\xf9E\xa9z\xb9\xa59%\x99\x89EE\x89\x95Szx\xe2\x8bR\x93\xf3\xf3\x8aK\x8aJ\x93K\xa6L\x9e\xd2\xc3\nV8\xa5\x87=/\x05\xa2d\xf2\x14o\x86\xd6)\xce\x8cIS\xda\xa7\x04M\xd1\xf0f\xf4\xfe\xde:%\x83\xb9\x875\xa5\xa4\xb2 \x15\xa4\x85)\xd3dJg\x07D\x96\xb9\x87\xd1f\x8a\x9f\x9f\x9f\xd7\x7f \x00\x13\xde\x0c%S\x92:\x9d\xee03\x90\x04X\x90\xd8\x1c\xa4i\xc5k\x16\xa5\x80\t\x8a\xf1\x01F f\x86\xd2LP\x1a\x19S\xd3=\xa3`\x14\x0c\x060\x05\x98\xcb\xf5\x00/\xf8=`',0|0|0|0|0|0|0|0|0|0|0|4|0|0|8|0|0|0|0|0|0|0|0|0|0|0|0|0|0|0|4|0|0|0|0|0|0|0|0|0|0|0|0|0|0|0|0|0|0|2|2|0|0|0|0|0|0|0|1|3|1|2|1|1|1|1|4|0|0|0|0|0|0|0|0|0|0|0|0|0|0|0|0|0|0|0|0|0|0|0|0|0|0|0|0|0|0|0|0|0|0|0|0|0|0|0|0|0|0|0|0|0|0|0|0|0|0|0|0|0|0|0|0|0|0|0|0|0|0|0|0|0|0|0|0|0|0|0|0|0|0|0|0|0|0|0|0|0|0|0|0|0|0|0|0|0|0|0|0|0|0|0|0|0|0|0|0|0|0|0|0|0|0|0|0|0|0|0|0|0|0|0|0|0|0|0|0|0|0|0|0|0|0|0|0|0|0|0|0|0|0|0|0|0|0|0|0|0|0|0|0|0|0|0|0|0|0|0|0|0|0|0|0|0|0|0|0|0|0|0|0|0|0|0|0|0|0|0|0|0|0|0|0|0|0|0|0
C476829,AR|EPHB2|MAX|MYC|FOS|KCNQ1|KCNQ2|KCNQ3|EPHX1|ABCB1|CYP2C19|CASP3|PPARG|SCD5|CASP8|AKT1|HIF1A|MAPK1|MAPK3|MAPK8|SLC2A1|VEGFA|GP1BA|GYPA|ITGA2B|ITGB3|TFEB|THPO|HAMP|TP53|CASP9|CDKN1A|CHEK1|ACHE|ACTA1|ALB|ATP5F1B|AZGP1|BCHE|CES1C|CTRB2|KIF3C|KRT1|SLC25A4|TF|TRF|ALDH1L2|CASP2|CASP6|BCL2|BCL2L1|DDIT3|MDM2|CYP2D6|CYP2C9|CYP3A4|NR1I2|UGT2B7|BAX|BID|CYCS|DIABLO|FADD|FAS|FASLG|PARP1|XIAP|NR3C1|CXCL8|IL1B|MAPK14|TNF|ABCC1|ALDH3A1|CAV1|CCND1|CHUK|EGFR|GSTA3|GSTA4|HMOX1|HOX1|HSPB1|ICAM1|IKBKB|MMP7|MMP9|NFKBIA|PLAU|PTGR1|PTGS2|RELA|CASP7|CLIC1|CLPP|CSF2|FLT3LG|IL3|KITLG|LAT2|PTEN|RPL23|RPL38|RPS6|SF3A1|BAD|CASP14|COX6A1|GADD45A|GADD45G|H2AX|MADD|MAP2K1|PDCD10|PDCD5|TNFSF10|TOP2A|ACE|AHR|AK1|AKAP9|AKR1C1|AKR1C2|AKR1C3|AKR1C4|ALDOA|ALDOC|ANKRD37|ANPEP|APP|AQP3|ASPA|ATF6|BDNF|BNIP3L|CA9|CAT|CD83|CD86|CFTR|CYP1A1|EGLN1|EGLN2|EGR1|ENO1|ENO2|ENPEP|ERCC2|GAPDH|GPX3|GSR|HBEGF|HIF3A|HILPDA|HK1|HK2|IGFBP5|IL1R1|LAMC2|LDHA|MBTPS2|MIF|MMP8|NPPB|NUB1|OCLN|P4HA2|PAM|PDK1|PDK3|PGK1|PLOD3|PPP2R1B|PSPH|RPE65|SELE|SERPINE1|SOD1|SOD2|SP1|SREBF1|STAT3|TFRC|TIMM17A|TRP53|CHEK2|ALOX15|EPHX2|CD82|CYP2C23|CYP2C8|FDX1|FDXR|NME1|CYP2E1|HPGDS|PTGDS|PTGS1|SSTR2|CYP11A1|CYP17A1|CYP19A1|CYP1A2|CYP2A6|CYP2B1|CYP2B6|CYP2C18|CYP3A41A|CYP3A5|ESR1|ESR2A|ESR2B|NR1I3|ABCA12|ADAM1B|ADGRD1|ALG2|CKAP5|CMTR2|CPD|CXCL3|D0KIST5|D2ERTD295E|D9WSU74E|ENTR1|ETV1|EXOSC10|FAT3|FMNL3|FXYD7|GABRA1|GABRB1|GADL1|GATAD2A|GFRA1|GJB3|GLRA1|GNA12|GRIN1|GRIN2A|GRIN2B|HPRT1|HTR3A|IGSF5|KCNV2|KIF24|KREMEN1,b'x\x9ck`\x99\x9a\xce\xc2\x00\x06=\xa2y\xa5\xb9\x05\x95z\xc9\xf9E\xa9z\xb9\xa59%\x99\x89EE\x89\x95Szx\xe2\x8bR\x93\xf3\xf3\x8aK\x8aJ\x93K\xa6L\x9e\xd2\xc3\nV8\xa5\x87=/\x05\xa2d\xf2\x14o\x86\xd6)\xce\x8cIS\xda\xa7\x04M\xd1\xf0f\xf4\xfe\xde:%\x83\xb9\x875\xa5\xa4\xb2 \x15\xa4\x85)\xd3dJg\x07D\x96\xb9\x87\xd1f\x8a\x9f\x9f\x9f\xd7\x7f \x00\x13\xde\x0c%S\x92:\x9d\xee03\x8c\x02$\xc08\xd0\x0e\x18\x05\xa3\x80\x8a`\n0\x97\xeb\x01\x00\xc0\xff=>',0|0|0|0|0|0|0|0|0|0|0|0|0|0|0|0|0|0|0|0|0|0|0|0|0|0|0|0|0|0|0|0|0|0|0|0|0|0|0|0|0|0|0|0|0|0|0|0|0|0|0|0|0|0|0|0|0|0|0|0|0|0|0|0|0|0|0|1|0|0|0|0|0|0|0|0|0|0|0|0|0|0|0|0|0|0|0|0|0|0|0|0|0|0|0|0|0|0|0|0|0|0|0|0|0|0|0|0|0|0|0|0|0|0|0|0|0|0|0|0|0|0|0|0|0|0|0|0|0|0|0|0|0|0|0|0|0|0|0|0|0|0|0|0|0|0|0|0|0|0|0|0|0|0|0|0|0|0|0|0|0|0|0|0|0|0|0|0|0|0|0|0|0|0|0|0|0|0|0|0|0|0|0|0|0|0|0|0|0|0|0|0|0|0|0|0|0|0|0|0|0|0|0|0|0|0|0|0|0|0|0|0|0|0|0|0|0|0|0|0|0|0|0|0|0|0|0|0|0|0|0|0|0|0|0|0|0|0|0|0|0|0|0|0|0|0|0
C549914,AR|EPHB2|MAX|MYC|FOS|KCNQ1|KCNQ2|KCNQ3|EPHX1|ABCB1|CYP2C19|CASP3|PPARG|SCD5|CASP8|AKT1|HIF1A|MAPK1|MAPK3|MAPK8|SLC2A1|VEGFA|GP1BA|GYPA|ITGA2B|ITGB3|TFEB|THPO|HAMP|TP53|CASP9|CDKN1A|CHEK1|ACHE|ACTA1|ALB|ATP5F1B|AZGP1|BCHE|CES1C|CTRB2|KIF3C|KRT1|SLC25A4|TF|TRF|ALDH1L2|CASP2|CASP6|BCL2|BCL2L1|DDIT3|MDM2|CYP2D6|CYP2C9|CYP3A4|NR1I2|UGT2B7|BAX|BID|CYCS|DIABLO|FADD|FAS|FASLG|PARP1|XIAP|NR3C1|CXCL8|IL1B|MAPK14|TNF|ABCC1|ALDH3A1|CAV1|CCND1|CHUK|EGFR|GSTA3|GSTA4|HMOX1|HOX1|HSPB1|ICAM1|IKBKB|MMP7|MMP9|NFKBIA|PLAU|PTGR1|PTGS2|RELA|CASP7|CLIC1|CLPP|CSF2|FLT3LG|IL3|KITLG|LAT2|PTEN|RPL23|RPL38|RPS6|SF3A1|BAD|CASP14|COX6A1|GADD45A|GADD45G|H2AX|MADD|MAP2K1|PDCD10|PDCD5|TNFSF10|TOP2A|ACE|AHR|AK1|AKAP9|AKR1C1|AKR1C2|AKR1C3|AKR1C4|ALDOA|ALDOC|ANKRD37|ANPEP|APP|AQP3|ASPA|ATF6|BDNF|BNIP3L|CA9|CAT|CD83|CD86|CFTR|CYP1A1|EGLN1|EGLN2|EGR1|ENO1|ENO2|ENPEP|ERCC2|GAPDH|GPX3|GSR|HBEGF|HIF3A|HILPDA|HK1|HK2|IGFBP5|IL1R1|LAMC2|LDHA|MBTPS2|MIF|MMP8|NPPB|NUB1|OCLN|P4HA2|PAM|PDK1|PDK3|PGK1|PLOD3|PPP2R1B|PSPH|RPE65|SELE|SERPINE1|SOD1|SOD2|SP1|SREBF1|STAT3|TFRC|TIMM17A|TRP53|CHEK2|ALOX15|EPHX2|CD82|CYP2C23|CYP2C8|FDX1|FDXR|NME1|CYP2E1|HPGDS|PTGDS|PTGS1|SSTR2|CYP11A1|CYP17A1|CYP19A1|CYP1A2|CYP2A6|CYP2B1|CYP2B6|CYP2C18|CYP3A41A|CYP3A5|ESR1|ESR2A|ESR2B|NR1I3|ABCA12|ADAM1B|ADGRD1|ALG2|CKAP5|CMTR2|CPD|CXCL3|D0KIST5|D2ERTD295E|D9WSU74E|ENTR1|ETV1|EXOSC10|FAT3|FMNL3|FXYD7|GABRA1|GABRB1|GADL1|GATAD2A|GFRA1|GJB3|GLRA1|GNA12|GRIN1|GRIN2A|GRIN2B|HPRT1|HTR3A|IGSF5|KCNV2|KIF24|KREMEN1,b'x\x9ck`\x99\x9a\xce\xc2\x00\x06=\xa2y\xa5\xb9\x05\x95z\xc9\xf9E\xa9z\xb9\xa59%\x99\x89EE\x89\x95Szx\xe2\x8bR\x93\xf3\xf3\x8aK\x8aJ\x93K\xa6L\x9e\xd2\xc3\nV8\xa5\x87=/\x05\xa2d\xf2\x14o\x86\xd6)\xce\x8cIS\xda\xa7\x04M\xd1\xf0f\xf4\xfe\xde:%\x83\xb9\x875\xa5\xa4\xb2 \x15\xa4\x85)\xd3dJg\x07D\x96\xb9\x87\xd1f\x8a\x9f\x9f\x9f\xd7\x7f \x00\x13\xde\x0c%S\x92:\x9d\xee03\x8c\x024\xc0\x88\x86G\xc1(\x18\xaa`\n0\x97\xeb\x01\x00\xc9V=A',0|0|0|0|0|0|0|0|0|0|0|0|0|0|0|0|0|0|0|0|0|0|0|0|0|0|0|0|0|0|0|0|0|0|0|0|0|0|0|0|0|0|0|0|0|0|0|0|0|0|0|0|0|0|0|0|0|0|0|0|0|0|0|0|0|0|0|0|1|1|1|1|0|0|0|0|0|0|0|0|0|0|0|0|0|0|0|0|0|0|0|0|0|0|0|0|0|0|0|0|0|0|0|0|0|0|0|0|0|0|0|0|0|0|0|0|0|0|0|0|0|0|0|0|0|0|0|0|0|0|0|0|0|0|0|0|0|0|0|0|0|0|0|0|0|0|0|0|0|0|0|0|0|0|0|0|0|0|0|0|0|0|0|0|0|0|0|0|0|0|0|0|0|0|0|0|0|0|0|0|0|0|0|0|0|0|0|0|0|0|0|0|0|0|0|0|0|0|0|0|0|0|0|0|0|0|0|0|0|0|0|0|0|0|0|0|0|0|0|0|0|0|0|0|0|0|0|0|0|0|0|0|0|0|0|0|0|0|0|0|0|0|0|0|0|0|0
C521487,AR|EPHB2|MAX|MYC|FOS|KCNQ1|KCNQ2|KCNQ3|EPHX1|ABCB1|CYP2C19|CASP3|PPARG|SCD5|CASP8|AKT1|HIF1A|MAPK1|MAPK3|MAPK8|SLC2A1|VEGFA|GP1BA|GYPA|ITGA2B|ITGB3|TFEB|THPO|HAMP|TP53|CASP9|CDKN1A|CHEK1|ACHE|ACTA1|ALB|ATP5F1B|AZGP1|BCHE|CES1C|CTRB2|KIF3C|KRT1|SLC25A4|TF|TRF|ALDH1L2|CASP2|CASP6|BCL2|BCL2L1|DDIT3|MDM2|CYP2D6|CYP2C9|CYP3A4|NR1I2|UGT2B7|BAX|BID|CYCS|DIABLO|FADD|FAS|FASLG|PARP1|XIAP|NR3C1|CXCL8|IL1B|MAPK14|TNF|ABCC1|ALDH3A1|CAV1|CCND1|CHUK|EGFR|GSTA3|GSTA4|HMOX1|HOX1|HSPB1|ICAM1|IKBKB|MMP7|MMP9|NFKBIA|PLAU|PTGR1|PTGS2|RELA|CASP7|CLIC1|CLPP|CSF2|FLT3LG|IL3|KITLG|LAT2|PTEN|RPL23|RPL38|RPS6|SF3A1|BAD|CASP14|COX6A1|GADD45A|GADD45G|H2AX|MADD|MAP2K1|PDCD10|PDCD5|TNFSF10|TOP2A|ACE|AHR|AK1|AKAP9|AKR1C1|AKR1C2|AKR1C3|AKR1C4|ALDOA|ALDOC|ANKRD37|ANPEP|APP|AQP3|ASPA|ATF6|BDNF|BNIP3L|CA9|CAT|CD83|CD86|CFTR|CYP1A1|EGLN1|EGLN2|EGR1|ENO1|ENO2|ENPEP|ERCC2|GAPDH|GPX3|GSR|HBEGF|HIF3A|HILPDA|HK1|HK2|IGFBP5|IL1R1|LAMC2|LDHA|MBTPS2|MIF|MMP8|NPPB|NUB1|OCLN|P4HA2|PAM|PDK1|PDK3|PGK1|PLOD3|PPP2R1B|PSPH|RPE65|SELE|SERPINE1|SOD1|SOD2|SP1|SREBF1|STAT3|TFRC|TIMM17A|TRP53|CHEK2|ALOX15|EPHX2|CD82|CYP2C23|CYP2C8|FDX1|FDXR|NME1|CYP2E1|HPGDS|PTGDS|PTGS1|SSTR2|CYP11A1|CYP17A1|CYP19A1|CYP1A2|CYP2A6|CYP2B1|CYP2B6|CYP2C18|CYP3A41A|CYP3A5|ESR1|ESR2A|ESR2B|NR1I3|ABCA12|ADAM1B|ADGRD1|ALG2|CKAP5|CMTR2|CPD|CXCL3|D0KIST5|D2ERTD295E|D9WSU74E|ENTR1|ETV1|EXOSC10|FAT3|FMNL3|FXYD7|GABRA1|GABRB1|GADL1|GATAD2A|GFRA1|GJB3|GLRA1|GNA12|GRIN1|GRIN2A|GRIN2B|HPRT1|HTR3A|IGSF5|KCNV2|KIF24|KREMEN1,b'x\x9ck`\x99\x9a\xce\xc2\x00\x06=\xa2y\xa5\xb9\x05\x95z\xc9\xf9E\xa9z\xb9\xa59%\x99\x89EE\x89\x95Szx\xe2\x8bR\x93\xf3\xf3\x8aK\x8aJ\x93K\xa6L\x9e\xd2\xc3\nV8\xa5\x87=/\x05\xa2d\xf2\x14o\x86\xd6)\xce\x8cIS\xda\xa7\x04M\xd1\xf0f\xf4\xfe\xde:%\x83\xb9\x875\xa5\xa4\xb2 \x15\xa4\x85)\xd3dJg\x07D\x96\xb9\x87\xd1f\x8a\x9f\x9f\x9f\xd7\x7f \x00\x13\xde\x0c%S\x92:\x9d\xee03\x90\r\x18\x81\x98\t\x89\xcdH\x86~\n\xac\xc7j\x1e\xb9\x80\t\x878+\x03\xc4\x8d0\xff!\xb3a\x98\x07*\xce\n5\x87\t*\xce\xca\x80\x08#v$\xf1Q0\n\xe8\x05\xa6\x00s\xb9\x1e\x00\x83i=\x85',0|0|0|0|0|0|0|0|0|0|0|0|0|0|1|2|0|1|1|0|0|0|0|0|0|0|0|0|0|0|1|3|0|0|0|0|0|0|0|0|0|0|0|0|0|0|0|0|0|0|1|0|0|0|0|0|0|0|0|0|0|0|0|0|0|2|0|0|0|0|0|5|3|1|1|3|1|1|1|1|12|3|5|2|2|1|5|1|2|7|2|1|0|0|0|0|0|0|0|0|0|0|0|0|0|0|0|0|0|0|0|0|0|0|0|0|0|0|0|0|0|0|0|0|0|0|0|0|0|0|0|0|0|0|0|0|0|0|0|0|0|0|0|0|0|0|0|0|0|0|0|0|0|0|0|0|0|0|0|0|0|0|0|0|0|0|0|0|0|0|0|0|0|0|0|0|0|0|0|0|0|0|0|0|0|0|0|0|0|0|0|0|0|0|0|0|0|0|0|0|0|0|0|0|0|0|0|0|0|0|0|0|0|0|0|0|0|0|0|0|0|0|0|0|0|0|0|0|0|0|0|0|0|0|0|0|0|0|0|0|0|0|0|0|0|0|0
C552819,AR|EPHB2|MAX|MYC|FOS|KCNQ1|KCNQ2|KCNQ3|EPHX1|ABCB1|CYP2C19|CASP3|PPARG|SCD5|CASP8|AKT1|HIF1A|MAPK1|MAPK3|MAPK8|SLC2A1|VEGFA|GP1BA|GYPA|ITGA2B|ITGB3|TFEB|THPO|HAMP|TP53|CASP9|CDKN1A|CHEK1|ACHE|ACTA1|ALB|ATP5F1B|AZGP1|BCHE|CES1C|CTRB2|KIF3C|KRT1|SLC25A4|TF|TRF|ALDH1L2|CASP2|CASP6|BCL2|BCL2L1|DDIT3|MDM2|CYP2D6|CYP2C9|CYP3A4|NR1I2|UGT2B7|BAX|BID|CYCS|DIABLO|FADD|FAS|FASLG|PARP1|XIAP|NR3C1|CXCL8|IL1B|MAPK14|TNF|ABCC1|ALDH3A1|CAV1|CCND1|CHUK|EGFR|GSTA3|GSTA4|HMOX1|HOX1|HSPB1|ICAM1|IKBKB|MMP7|MMP9|NFKBIA|PLAU|PTGR1|PTGS2|RELA|CASP7|CLIC1|CLPP|CSF2|FLT3LG|IL3|KITLG|LAT2|PTEN|RPL23|RPL38|RPS6|SF3A1|BAD|CASP14|COX6A1|GADD45A|GADD45G|H2AX|MADD|MAP2K1|PDCD10|PDCD5|TNFSF10|TOP2A|ACE|AHR|AK1|AKAP9|AKR1C1|AKR1C2|AKR1C3|AKR1C4|ALDOA|ALDOC|ANKRD37|ANPEP|APP|AQP3|ASPA|ATF6|BDNF|BNIP3L|CA9|CAT|CD83|CD86|CFTR|CYP1A1|EGLN1|EGLN2|EGR1|ENO1|ENO2|ENPEP|ERCC2|GAPDH|GPX3|GSR|HBEGF|HIF3A|HILPDA|HK1|HK2|IGFBP5|IL1R1|LAMC2|LDHA|MBTPS2|MIF|MMP8|NPPB|NUB1|OCLN|P4HA2|PAM|PDK1|PDK3|PGK1|PLOD3|PPP2R1B|PSPH|RPE65|SELE|SERPINE1|SOD1|SOD2|SP1|SREBF1|STAT3|TFRC|TIMM17A|TRP53|CHEK2|ALOX15|EPHX2|CD82|CYP2C23|CYP2C8|FDX1|FDXR|NME1|CYP2E1|HPGDS|PTGDS|PTGS1|SSTR2|CYP11A1|CYP17A1|CYP19A1|CYP1A2|CYP2A6|CYP2B1|CYP2B6|CYP2C18|CYP3A41A|CYP3A5|ESR1|ESR2A|ESR2B|NR1I3|ABCA12|ADAM1B|ADGRD1|ALG2|CKAP5|CMTR2|CPD|CXCL3|D0KIST5|D2ERTD295E|D9WSU74E|ENTR1|ETV1|EXOSC10|FAT3|FMNL3|FXYD7|GABRA1|GABRB1|GADL1|GATAD2A|GFRA1|GJB3|GLRA1|GNA12|GRIN1|GRIN2A|GRIN2B|HPRT1|HTR3A|IGSF5|KCNV2|KIF24|KREMEN1,b'x\x9ck`\x99\x9a\xce\xc2\x00\x06=\xa2y\xa5\xb9\x05\x95z\xc9\xf9E\xa9z\xb9\xa59%\x99\x89EE\x89\x95Szx\xe2\x8bR\x93\xf3\xf3\x8aK\x8aJ\x93K\xa6L\x9e\xd2\xc3\nV8\xa5\x87=/\x05\xa2d\xf2\x14o\x86\xd6)\xce\x8cIS\xda\xa7\x04M\xd1\xf0f\xf4\xfe\xde:%\x83\xb9\x875\xa5\xa4\xb2 \x15\xa4\x85)\xd3dJg\x07D\x96\xb9\x87\xd1f\x8a\x9f\x9f\x9f\xd7\x7f \x00\x13\xde\x0c%S\x92:\x9d\xee03\x90\x04\x18\xd1\xd8L\xa4i\xc7i\xd6@\x03z\xba\x85\x11\t3\xa3a64y\x18\x1e\x05\xa3\x80\x1c0\x05\x98\xcb\xf5\x00\x10M=]',0|0|0|0|0|0|0|0|0|0|0|1|0|0|1|2|0|0|0|0|0|0|0|0|0|0|0|0|0|0|1|0|0|0|0|0|0|0|0|0|0|0|0|0|0|0|0|0|0|0|0|0|0|0|0|0|0|0|0|0|0|0|0|0|0|1|0|0|0|0|0|0|0|0|0|0|0|0|0|0|0|0|0|0|0|0|0|0|0|0|0|0|1|1|1|3|3|3|3|6|1|1|1|1|1|0|0|0|0|0|0|0|0|0|0|0|0|0|0|0|0|0|0|0|0|0|0|0|0|0|0|0|0|0|0|0|0|0|0|0|0|0|0|0|0|0|0|0|0|0|0|0|0|0|0|0|0|0|0|0|0|0|0|0|0|0|0|0|0|0|0|0|0|0|0|0|0|0|0|0|0|0|0|0|0|0|0|0|0|0|0|0|0|0|0|0|0|0|0|0|0|0|0|0|0|0|0|0|0|0|0|0|0|0|0|0|0|0|0|0|0|0|0|0|0|0|0|0|0|0|0|0|0|0|0|0|0|0|0|0|0|0|0|0|0|0|0
C418863,AR|EPHB2|MAX|MYC|FOS|KCNQ1|KCNQ2|KCNQ3|EPHX1|ABCB1|CYP2C19|CASP3|PPARG|SCD5|CASP8|AKT1|HIF1A|MAPK1|MAPK3|MAPK8|SLC2A1|VEGFA|GP1BA|GYPA|ITGA2B|ITGB3|TFEB|THPO|HAMP|TP53|CASP9|CDKN1A|CHEK1|ACHE|ACTA1|ALB|ATP5F1B|AZGP1|BCHE|CES1C|CTRB2|KIF3C|KRT1|SLC25A4|TF|TRF|ALDH1L2|CASP2|CASP6|BCL2|BCL2L1|DDIT3|MDM2|CYP2D6|CYP2C9|CYP3A4|NR1I2|UGT2B7|BAX|BID|CYCS|DIABLO|FADD|FAS|FASLG|PARP1|XIAP|NR3C1|CXCL8|IL1B|MAPK14|TNF|ABCC1|ALDH3A1|CAV1|CCND1|CHUK|EGFR|GSTA3|GSTA4|HMOX1|HOX1|HSPB1|ICAM1|IKBKB|MMP7|MMP9|NFKBIA|PLAU|PTGR1|PTGS2|RELA|CASP7|CLIC1|CLPP|CSF2|FLT3LG|IL3|KITLG|LAT2|PTEN|RPL23|RPL38|RPS6|SF3A1|BAD|CASP14|COX6A1|GADD45A|GADD45G|H2AX|MADD|MAP2K1|PDCD10|PDCD5|TNFSF10|TOP2A|ACE|AHR|AK1|AKAP9|AKR1C1|AKR1C2|AKR1C3|AKR1C4|ALDOA|ALDOC|ANKRD37|ANPEP|APP|AQP3|ASPA|ATF6|BDNF|BNIP3L|CA9|CAT|CD83|CD86|CFTR|CYP1A1|EGLN1|EGLN2|EGR1|ENO1|ENO2|ENPEP|ERCC2|GAPDH|GPX3|GSR|HBEGF|HIF3A|HILPDA|HK1|HK2|IGFBP5|IL1R1|LAMC2|LDHA|MBTPS2|MIF|MMP8|NPPB|NUB1|OCLN|P4HA2|PAM|PDK1|PDK3|PGK1|PLOD3|PPP2R1B|PSPH|RPE65|SELE|SERPINE1|SOD1|SOD2|SP1|SREBF1|STAT3|TFRC|TIMM17A|TRP53|CHEK2|ALOX15|EPHX2|CD82|CYP2C23|CYP2C8|FDX1|FDXR|NME1|CYP2E1|HPGDS|PTGDS|PTGS1|SSTR2|CYP11A1|CYP17A1|CYP19A1|CYP1A2|CYP2A6|CYP2B1|CYP2B6|CYP2C18|CYP3A41A|CYP3A5|ESR1|ESR2A|ESR2B|NR1I3|ABCA12|ADAM1B|ADGRD1|ALG2|CKAP5|CMTR2|CPD|CXCL3|D0KIST5|D2ERTD295E|D9WSU74E|ENTR1|ETV1|EXOSC10|FAT3|FMNL3|FXYD7|GABRA1|GABRB1|GADL1|GATAD2A|GFRA1|GJB3|GLRA1|GNA12|GRIN1|GRIN2A|GRIN2B|HPRT1|HTR3A|IGSF5|KCNV2|KIF24|KREMEN1,b'x\x9ck`\x99\x9a\xce\xc2\x00\x06=\xa2y\xa5\xb9\x05\x95z\xc9\xf9E\xa9z\xb9\xa59%\x99\x89EE\x89\x95Szx\xe2\x8bR\x93\xf3\xf3\x8aK\x8aJ\x93K\xa6L\x9e\xd2\xc3\nV8\xa5\x87=/\x05\xa2d\xf2\x14o\x86\xd6)\xce\x8cIS\xda\xa7\x04M\xd1\xf0f\xf4\xfe\xde:%\x83\xb9\x875\xa5\xa4\xb2 \x15\xa4\x85)\xd3dJg\x07D\x96\xb9\x87\xd1f\x8a\x9f\x9f\x9f\xd7\x7f \x00\x13\xde\x0c%S\x92:\x9d\xee03\x90\x04\x18IS>\nF\xc1(\x18@0\x05\x98\xcb\xf5\x00\xc1\xdf=>',0|0|0|0|0|0|0|0|0|0|0|1|0|0|0|0|0|0|0|0|0|0|0|0|0|0|0|0|0|0|0|0|0|0|0|0|0|0|0|0|0|0|0|0|0|0|0|0|0|0|0|0|0|0|0|0|0|0|0|0|0|0|0|0|0|0|0|0|0|0|0|0|0|0|0|0|0|0|0|0|0|0|0|0|0|0|0|0|0|0|0|0|0|0|0|0|0|0|0|0|0|0|0|0|0|0|0|0|0|0|0|0|0|0|0|0|0|0|0|0|0|0|0|0|0|0|0|0|0|0|0|0|0|0|0|0|0|0|0|0|0|0|0|0|0|0|0|0|0|0|0|0|0|0|0|0|0|0|0|0|0|0|0|0|0|0|0|0|0|0|0|0|0|0|0|0|0|0|0|0|0|0|0|0|0|0|0|0|0|0|0|0|0|0|0|0|0|0|0|0|0|0|0|0|0|0|0|0|0|0|0|0|0|0|0|0|0|0|0|0|0|0|0|0|0|0|0|0|0|0|0|0|0|0|0|0|0|0|0|0|0|0|0|0|0|0|0
C471674,AR|EPHB2|MAX|MYC|FOS|KCNQ1|KCNQ2|KCNQ3|EPHX1|ABCB1|CYP2C19|CASP3|PPARG|SCD5|CASP8|AKT1|HIF1A|MAPK1|MAPK3|MAPK8|SLC2A1|VEGFA|GP1BA|GYPA|ITGA2B|ITGB3|TFEB|THPO|HAMP|TP53|CASP9|CDKN1A|CHEK1|ACHE|ACTA1|ALB|ATP5F1B|AZGP1|BCHE|CES1C|CTRB2|KIF3C|KRT1|SLC25A4|TF|TRF|ALDH1L2|CASP2|CASP6|BCL2|BCL2L1|DDIT3|MDM2|CYP2D6|CYP2C9|CYP3A4|NR1I2|UGT2B7|BAX|BID|CYCS|DIABLO|FADD|FAS|FASLG|PARP1|XIAP|NR3C1|CXCL8|IL1B|MAPK14|TNF|ABCC1|ALDH3A1|CAV1|CCND1|CHUK|EGFR|GSTA3|GSTA4|HMOX1|HOX1|HSPB1|ICAM1|IKBKB|MMP7|MMP9|NFKBIA|PLAU|PTGR1|PTGS2|RELA|CASP7|CLIC1|CLPP|CSF2|FLT3LG|IL3|KITLG|LAT2|PTEN|RPL23|RPL38|RPS6|SF3A1|BAD|CASP14|COX6A1|GADD45A|GADD45G|H2AX|MADD|MAP2K1|PDCD10|PDCD5|TNFSF10|TOP2A|ACE|AHR|AK1|AKAP9|AKR1C1|AKR1C2|AKR1C3|AKR1C4|ALDOA|ALDOC|ANKRD37|ANPEP|APP|AQP3|ASPA|ATF6|BDNF|BNIP3L|CA9|CAT|CD83|CD86|CFTR|CYP1A1|EGLN1|EGLN2|EGR1|ENO1|ENO2|ENPEP|ERCC2|GAPDH|GPX3|GSR|HBEGF|HIF3A|HILPDA|HK1|HK2|IGFBP5|IL1R1|LAMC2|LDHA|MBTPS2|MIF|MMP8|NPPB|NUB1|OCLN|P4HA2|PAM|PDK1|PDK3|PGK1|PLOD3|PPP2R1B|PSPH|RPE65|SELE|SERPINE1|SOD1|SOD2|SP1|SREBF1|STAT3|TFRC|TIMM17A|TRP53|CHEK2|ALOX15|EPHX2|CD82|CYP2C23|CYP2C8|FDX1|FDXR|NME1|CYP2E1|HPGDS|PTGDS|PTGS1|SSTR2|CYP11A1|CYP17A1|CYP19A1|CYP1A2|CYP2A6|CYP2B1|CYP2B6|CYP2C18|CYP3A41A|CYP3A5|ESR1|ESR2A|ESR2B|NR1I3|ABCA12|ADAM1B|ADGRD1|ALG2|CKAP5|CMTR2|CPD|CXCL3|D0KIST5|D2ERTD295E|D9WSU74E|ENTR1|ETV1|EXOSC10|FAT3|FMNL3|FXYD7|GABRA1|GABRB1|GADL1|GATAD2A|GFRA1|GJB3|GLRA1|GNA12|GRIN1|GRIN2A|GRIN2B|HPRT1|HTR3A|IGSF5|KCNV2|KIF24|KREMEN1,b'x\x9ck`\x99\x9a\xce\xc2\x00\x06=\xa2y\xa5\xb9\x05\x95z\xc9\xf9E\xa9z\xb9\xa59%\x99\x89EE\x89\x95Szx\xe2\x8bR\x93\xf3\xf3\x8aK\x8aJ\x93K\xa6L\x9e\xd2\xc3\nV8\xa5\x87=/\x05\xa2d\xf2\x14o\x86\xd6)\xce\x8cIS\xda\xa7\x04M\xd1\xf0f\xf4\xfe\xde:%\x83\xb9\x875\xa5\xa4\xb2 \x15\xa4\x85)\xd3dJg\x07D\x96\xb9\x87\xd1f\x8a\x9f\x9f\x9f\xd7\x7f \x00\x13\xde\x0c%S\x92:\x9d\xee03\x90\x04\x98HSN7\xb3`\x80\x91\xce\xfa\xe8\x05\x18I\xc0\xb4\x08\xd7Q04\xc1\x14`.\xd7\x03\x00\xee==P',0|0|0|0|0|0|0|0|0|0|0|2|0|0|0|0|0|0|0|0|0|0|0|0|0|0|0|0|0|0|2|0|0|0|0|0|0|0|0|0|0|0|0|0|0|0|0|0|0|0|0|1|0|0|0|0|0|0|0|0|0|0|0|0|0|1|0|0|0|0|0|0|0|0|0|0|0|0|0|0|0|0|0|0|0|0|0|0|0|0|0|0|0|0|0|0|0|0|0|0|0|0|0|0|0|1|1|1|1|1|1|1|1|1|1|1|2|0|0|0|0|0|0|0|0|0|0|0|0|0|0|0|0|0|0|0|0|0|0|0|0|0|0|0|0|0|0|0|0|0|0|0|0|0|0|0|0|0|0|0|0|0|0|0|0|0|0|0|0|0|0|0|0|0|0|0|0|0|0|0|0|0|0|0|0|0|0|0|0|0|0|0|0|0|0|0|0|0|0|0|0|0|0|0|0|0|0|0|0|0|0|0|0|0|0|0|0|0|0|0|0|0|0|0|0|0|0|0|0|0|0|0|0|0|0|0|0|0|0|0|0|0|0|0|0|0|0
C025205,AR|EPHB2|MAX|MYC|FOS|KCNQ1|KCNQ2|KCNQ3|EPHX1|ABCB1|CYP2C19|CASP3|PPARG|SCD5|CASP8|AKT1|HIF1A|MAPK1|MAPK3|MAPK8|SLC2A1|VEGFA|GP1BA|GYPA|ITGA2B|ITGB3|TFEB|THPO|HAMP|TP53|CASP9|CDKN1A|CHEK1|ACHE|ACTA1|ALB|ATP5F1B|AZGP1|BCHE|CES1C|CTRB2|KIF3C|KRT1|SLC25A4|TF|TRF|ALDH1L2|CASP2|CASP6|BCL2|BCL2L1|DDIT3|MDM2|CYP2D6|CYP2C9|CYP3A4|NR1I2|UGT2B7|BAX|BID|CYCS|DIABLO|FADD|FAS|FASLG|PARP1|XIAP|NR3C1|CXCL8|IL1B|MAPK14|TNF|ABCC1|ALDH3A1|CAV1|CCND1|CHUK|EGFR|GSTA3|GSTA4|HMOX1|HOX1|HSPB1|ICAM1|IKBKB|MMP7|MMP9|NFKBIA|PLAU|PTGR1|PTGS2|RELA|CASP7|CLIC1|CLPP|CSF2|FLT3LG|IL3|KITLG|LAT2|PTEN|RPL23|RPL38|RPS6|SF3A1|BAD|CASP14|COX6A1|GADD45A|GADD45G|H2AX|MADD|MAP2K1|PDCD10|PDCD5|TNFSF10|TOP2A|ACE|AHR|AK1|AKAP9|AKR1C1|AKR1C2|AKR1C3|AKR1C4|ALDOA|ALDOC|ANKRD37|ANPEP|APP|AQP3|ASPA|ATF6|BDNF|BNIP3L|CA9|CAT|CD83|CD86|CFTR|CYP1A1|EGLN1|EGLN2|EGR1|ENO1|ENO2|ENPEP|ERCC2|GAPDH|GPX3|GSR|HBEGF|HIF3A|HILPDA|HK1|HK2|IGFBP5|IL1R1|LAMC2|LDHA|MBTPS2|MIF|MMP8|NPPB|NUB1|OCLN|P4HA2|PAM|PDK1|PDK3|PGK1|PLOD3|PPP2R1B|PSPH|RPE65|SELE|SERPINE1|SOD1|SOD2|SP1|SREBF1|STAT3|TFRC|TIMM17A|TRP53|CHEK2|ALOX15|EPHX2|CD82|CYP2C23|CYP2C8|FDX1|FDXR|NME1|CYP2E1|HPGDS|PTGDS|PTGS1|SSTR2|CYP11A1|CYP17A1|CYP19A1|CYP1A2|CYP2A6|CYP2B1|CYP2B6|CYP2C18|CYP3A41A|CYP3A5|ESR1|ESR2A|ESR2B|NR1I3|ABCA12|ADAM1B|ADGRD1|ALG2|CKAP5|CMTR2|CPD|CXCL3|D0KIST5|D2ERTD295E|D9WSU74E|ENTR1|ETV1|EXOSC10|FAT3|FMNL3|FXYD7|GABRA1|GABRB1|GADL1|GATAD2A|GFRA1|GJB3|GLRA1|GNA12|GRIN1|GRIN2A|GRIN2B|HPRT1|HTR3A|IGSF5|KCNV2|KIF24|KREMEN1,"b'x\x9ck`\x99\x9a\xce\xc2\x00\x06=\xa2y\xa5\xb9\x05\x95z\xc9\xf9E\xa9z\xb9\xa59%\x99\x89EE\x89\x95Szx\xe2\x8bR\x93\xf3\xf3\x8aK\x8aJ\x93K\xa6L\x9e\xd2\xc3\nV8\xa5\x87=/\x05\xa2d\xf2\x14o\x86\xd6)\xce\x8cIS\xda\xa7\x04M\xd1\xf0f\xf4\xfe\xde:%\x83\xb9\x875\xa5\xa4\xb2 \x15\xa4\x85)\xd3dJg\x07D\x96\xb9\x87\xd1f\x8a\x9f\x9f\x9f\xd7\x7f \x00\x13\xde\x0c%S\x92:\x9d\xee03P\x0c@\x9ea\x82b\x18\xc0g,#\x14\xe3\x92\xa3\x14Pb\x06>\xb7\xe1\x02l8\xecf\xc2""FM\x80\xcf\\\x90\x1c\x1b\x03\xc2?\xf80(\xfe\x98\x91\xf8L8\xd4\xc1\xd4p\x10i.\xb1\x98\x95L}LD\xb0\xc9\x89\xcf\xe1\x04\xa6\x00s\xb9\x1e\x00\xaa,=\xb8'",0|0|0|0|0|0|0|0|0|0|0|0|0|0|0|0|4|2|2|0|0|3|0|0|0|0|0|0|1|1|0|0|0|0|0|1|0|0|0|0|0|0|0|0|0|0|0|0|0|0|0|0|1|0|0|0|0|0|0|0|0|0|0|0|0|0|0|1|1|0|0|0|0|0|0|0|0|0|0|0|6|0|0|1|0|0|2|0|1|0|0|0|0|0|0|0|0|0|0|0|0|0|0|0|0|0|0|0|0|0|1|0|0|0|0|0|0|1|6|1|1|1|1|1|1|1|1|1|4|3|1|1|2|1|1|1|1|1|3|1|8|1|1|1|1|1|1|1|1|1|1|1|1|1|1|1|1|1|1|1|5|1|1|1|1|1|1|1|1|1|1|1|1|1|2|1|1|2|1|1|2|1|1|1|1|0|0|0|0|0|0|0|0|0|0|0|0|0|0|0|0|0|0|0|0|0|0|0|0|0|0|0|0|0|0|0|0|0|0|0|0|0|0|0|0|0|0|0|0|0|0|0|0|0|0|0|0|0|0|0|0|0|0|0|0|0|0
C490191,AR|EPHB2|MAX|MYC|FOS|KCNQ1|KCNQ2|KCNQ3|EPHX1|ABCB1|CYP2C19|CASP3|PPARG|SCD5|CASP8|AKT1|HIF1A|MAPK1|MAPK3|MAPK8|SLC2A1|VEGFA|GP1BA|GYPA|ITGA2B|ITGB3|TFEB|THPO|HAMP|TP53|CASP9|CDKN1A|CHEK1|ACHE|ACTA1|ALB|ATP5F1B|AZGP1|BCHE|CES1C|CTRB2|KIF3C|KRT1|SLC25A4|TF|TRF|ALDH1L2|CASP2|CASP6|BCL2|BCL2L1|DDIT3|MDM2|CYP2D6|CYP2C9|CYP3A4|NR1I2|UGT2B7|BAX|BID|CYCS|DIABLO|FADD|FAS|FASLG|PARP1|XIAP|NR3C1|CXCL8|IL1B|MAPK14|TNF|ABCC1|ALDH3A1|CAV1|CCND1|CHUK|EGFR|GSTA3|GSTA4|HMOX1|HOX1|HSPB1|ICAM1|IKBKB|MMP7|MMP9|NFKBIA|PLAU|PTGR1|PTGS2|RELA|CASP7|CLIC1|CLPP|CSF2|FLT3LG|IL3|KITLG|LAT2|PTEN|RPL23|RPL38|RPS6|SF3A1|BAD|CASP14|COX6A1|GADD45A|GADD45G|H2AX|MADD|MAP2K1|PDCD10|PDCD5|TNFSF10|TOP2A|ACE|AHR|AK1|AKAP9|AKR1C1|AKR1C2|AKR1C3|AKR1C4|ALDOA|ALDOC|ANKRD37|ANPEP|APP|AQP3|ASPA|ATF6|BDNF|BNIP3L|CA9|CAT|CD83|CD86|CFTR|CYP1A1|EGLN1|EGLN2|EGR1|ENO1|ENO2|ENPEP|ERCC2|GAPDH|GPX3|GSR|HBEGF|HIF3A|HILPDA|HK1|HK2|IGFBP5|IL1R1|LAMC2|LDHA|MBTPS2|MIF|MMP8|NPPB|NUB1|OCLN|P4HA2|PAM|PDK1|PDK3|PGK1|PLOD3|PPP2R1B|PSPH|RPE65|SELE|SERPINE1|SOD1|SOD2|SP1|SREBF1|STAT3|TFRC|TIMM17A|TRP53|CHEK2|ALOX15|EPHX2|CD82|CYP2C23|CYP2C8|FDX1|FDXR|NME1|CYP2E1|HPGDS|PTGDS|PTGS1|SSTR2|CYP11A1|CYP17A1|CYP19A1|CYP1A2|CYP2A6|CYP2B1|CYP2B6|CYP2C18|CYP3A41A|CYP3A5|ESR1|ESR2A|ESR2B|NR1I3|ABCA12|ADAM1B|ADGRD1|ALG2|CKAP5|CMTR2|CPD|CXCL3|D0KIST5|D2ERTD295E|D9WSU74E|ENTR1|ETV1|EXOSC10|FAT3|FMNL3|FXYD7|GABRA1|GABRB1|GADL1|GATAD2A|GFRA1|GJB3|GLRA1|GNA12|GRIN1|GRIN2A|GRIN2B|HPRT1|HTR3A|IGSF5|KCNV2|KIF24|KREMEN1,b'x\x9ck`\x99\x9a\xce\xc2\x00\x06=\xa2y\xa5\xb9\x05\x95z\xc9\xf9E\xa9z\xb9\xa59%\x99\x89EE\x89\x95Szx\xe2\x8bR\x93\xf3\xf3\x8aK\x8aJ\x93K\xa6L\x9e\xd2\xc3\nV8\xa5\x87=/\x05\xa2d\xf2\x14o\x86\xd6)\xce\x8cIS\xda\xa7\x04M\xd1\xf0f\xf4\xfe\xde:%\x83\xb9\x875\xa5\xa4\xb2 \x15\xa4\x85)\xd3dJg\x07D\x96\xb9\x87\xd1f\x8a\x9f\x9f\x9f\xd7\x7f \x00\x13\xde\x0c%S\x92:\x9d\xee03\x0c\x08`\x1c\x18kI\x02L\x03\xed\x80Q@50\x14\xd2\x1b-\xc0\x14`.\xd7\x03\x00\xc8&=A',0|0|0|0|0|0|0|0|0|0|0|0|0|0|0|0|0|0|0|0|0|0|0|0|0|0|0|0|0|1|0|0|0|0|0|0|0|0|0|0|0|0|0|0|0|0|0|0|0|0|0|0|0|0|0|0|0|0|0|0|0|0|0|0|0|0|0|0|0|0|2|0|0|0|0|0|0|0|0|0|0|0|0|0|0|0|0|0|0|0|0|0|0|0|0|0|0|0|0|0|0|0|0|0|0|0|0|0|0|0|0|0|0|0|0|0|0|0|0|0|0|0|0|0|0|0|0|0|0|0|0|0|0|0|0|0|0|0|0|0|0|0|0|0|0|0|0|0|0|0|0|0|0|0|0|0|0|0|0|0|0|0|0|0|0|0|0|0|0|0|0|0|0|0|0|0|0|0|0|0|0|0|0|0|0|1|0|0|0|0|0|0|0|0|0|0|0|0|0|0|0|0|0|0|0|0|0|0|0|0|0|0|0|0|0|0|0|0|0|0|0|0|0|0|0|0|0|0|0|0|0|0|0|0|0|0|0|0|0|0|0|0|0|0|0|0|0
C066049,AR|EPHB2|MAX|MYC|FOS|KCNQ1|KCNQ2|KCNQ3|EPHX1|ABCB1|CYP2C19|CASP3|PPARG|SCD5|CASP8|AKT1|HIF1A|MAPK1|MAPK3|MAPK8|SLC2A1|VEGFA|GP1BA|GYPA|ITGA2B|ITGB3|TFEB|THPO|HAMP|TP53|CASP9|CDKN1A|CHEK1|ACHE|ACTA1|ALB|ATP5F1B|AZGP1|BCHE|CES1C|CTRB2|KIF3C|KRT1|SLC25A4|TF|TRF|ALDH1L2|CASP2|CASP6|BCL2|BCL2L1|DDIT3|MDM2|CYP2D6|CYP2C9|CYP3A4|NR1I2|UGT2B7|BAX|BID|CYCS|DIABLO|FADD|FAS|FASLG|PARP1|XIAP|NR3C1|CXCL8|IL1B|MAPK14|TNF|ABCC1|ALDH3A1|CAV1|CCND1|CHUK|EGFR|GSTA3|GSTA4|HMOX1|HOX1|HSPB1|ICAM1|IKBKB|MMP7|MMP9|NFKBIA|PLAU|PTGR1|PTGS2|RELA|CASP7|CLIC1|CLPP|CSF2|FLT3LG|IL3|KITLG|LAT2|PTEN|RPL23|RPL38|RPS6|SF3A1|BAD|CASP14|COX6A1|GADD45A|GADD45G|H2AX|MADD|MAP2K1|PDCD10|PDCD5|TNFSF10|TOP2A|ACE|AHR|AK1|AKAP9|AKR1C1|AKR1C2|AKR1C3|AKR1C4|ALDOA|ALDOC|ANKRD37|ANPEP|APP|AQP3|ASPA|ATF6|BDNF|BNIP3L|CA9|CAT|CD83|CD86|CFTR|CYP1A1|EGLN1|EGLN2|EGR1|ENO1|ENO2|ENPEP|ERCC2|GAPDH|GPX3|GSR|HBEGF|HIF3A|HILPDA|HK1|HK2|IGFBP5|IL1R1|LAMC2|LDHA|MBTPS2|MIF|MMP8|NPPB|NUB1|OCLN|P4HA2|PAM|PDK1|PDK3|PGK1|PLOD3|PPP2R1B|PSPH|RPE65|SELE|SERPINE1|SOD1|SOD2|SP1|SREBF1|STAT3|TFRC|TIMM17A|TRP53|CHEK2|ALOX15|EPHX2|CD82|CYP2C23|CYP2C8|FDX1|FDXR|NME1|CYP2E1|HPGDS|PTGDS|PTGS1|SSTR2|CYP11A1|CYP17A1|CYP19A1|CYP1A2|CYP2A6|CYP2B1|CYP2B6|CYP2C18|CYP3A41A|CYP3A5|ESR1|ESR2A|ESR2B|NR1I3|ABCA12|ADAM1B|ADGRD1|ALG2|CKAP5|CMTR2|CPD|CXCL3|D0KIST5|D2ERTD295E|D9WSU74E|ENTR1|ETV1|EXOSC10|FAT3|FMNL3|FXYD7|GABRA1|GABRB1|GADL1|GATAD2A|GFRA1|GJB3|GLRA1|GNA12|GRIN1|GRIN2A|GRIN2B|HPRT1|HTR3A|IGSF5|KCNV2|KIF24|KREMEN1,"b'x\x9ck`\x99\x9a\xce\xc2\x00\x06=\xa2y\xa5\xb9\x05\x95z\xc9\xf9E\xa9z\xb9\xa59%\x99\x89EE\x89\x95Szx\xe2\x8bR\x93\xf3\xf3\x8aK\x8aJ\x93K\xa6L\x9e\xd2\xc3\nV8\xa5\x87=/\x05\xa2d\xf2\x14o\x86\xd6)\xce\x8cIS\xda\xa7\x04M\xd1\xf0f\xf4\xfe\xde:%\x83\xb9\x875\xa5\xa4\xb2 \x15\xa4\x85)\xd3dJg\x07D\x96\xb9\x87\xd1f\x8a\x9f\x9f\x9f\xd7\x7f \x00\x13\xde\x0c%S\x92:\x9d\xee03\x8c\x82Q0""\x00\xe3@;`\x00\xc0\x14`.\xd7\x03\x00\xbf#=>'",0|0|0|0|0|0|0|0|0|0|0|0|0|0|0|0|0|0|0|0|0|0|0|0|0|0|0|0|0|0|0|0|0|0|0|0|0|0|0|0|0|0|0|0|0|0|0|0|0|0|0|0|0|0|0|0|0|0|0|0|0|0|0|0|0|0|0|0|0|0|0|0|0|0|0|0|0|0|0|0|0|0|0|0|0|0|0|0|0|0|0|0|0|0|0|0|0|0|0|0|0|0|0|0|0|0|0|0|0|0|0|0|0|0|0|0|0|0|0|0|0|0|0|0|0|0|0|0|0|0|0|0|0|0|0|0|0|0|0|0|0|0|0|0|0|0|0|0|0|0|0|0|0|0|0|0|0|0|0|0|0|0|0|0|0|0|0|0|0|0|0|0|0|0|0|0|0|0|0|0|0|0|0|0|0|0|1|0|0|0|0|0|0|0|0|0|0|0|0|0|0|0|0|0|0|0|0|0|0|0|0|0|0|0|0|0|0|0|0|0|0|0|0|0|0|0|0|0|0|0|0|0|0|0|0|0|0|0|0|0|0|0|0|0|0|0|0
C533806,AR|EPHB2|MAX|MYC|FOS|KCNQ1|KCNQ2|KCNQ3|EPHX1|ABCB1|CYP2C19|CASP3|PPARG|SCD5|CASP8|AKT1|HIF1A|MAPK1|MAPK3|MAPK8|SLC2A1|VEGFA|GP1BA|GYPA|ITGA2B|ITGB3|TFEB|THPO|HAMP|TP53|CASP9|CDKN1A|CHEK1|ACHE|ACTA1|ALB|ATP5F1B|AZGP1|BCHE|CES1C|CTRB2|KIF3C|KRT1|SLC25A4|TF|TRF|ALDH1L2|CASP2|CASP6|BCL2|BCL2L1|DDIT3|MDM2|CYP2D6|CYP2C9|CYP3A4|NR1I2|UGT2B7|BAX|BID|CYCS|DIABLO|FADD|FAS|FASLG|PARP1|XIAP|NR3C1|CXCL8|IL1B|MAPK14|TNF|ABCC1|ALDH3A1|CAV1|CCND1|CHUK|EGFR|GSTA3|GSTA4|HMOX1|HOX1|HSPB1|ICAM1|IKBKB|MMP7|MMP9|NFKBIA|PLAU|PTGR1|PTGS2|RELA|CASP7|CLIC1|CLPP|CSF2|FLT3LG|IL3|KITLG|LAT2|PTEN|RPL23|RPL38|RPS6|SF3A1|BAD|CASP14|COX6A1|GADD45A|GADD45G|H2AX|MADD|MAP2K1|PDCD10|PDCD5|TNFSF10|TOP2A|ACE|AHR|AK1|AKAP9|AKR1C1|AKR1C2|AKR1C3|AKR1C4|ALDOA|ALDOC|ANKRD37|ANPEP|APP|AQP3|ASPA|ATF6|BDNF|BNIP3L|CA9|CAT|CD83|CD86|CFTR|CYP1A1|EGLN1|EGLN2|EGR1|ENO1|ENO2|ENPEP|ERCC2|GAPDH|GPX3|GSR|HBEGF|HIF3A|HILPDA|HK1|HK2|IGFBP5|IL1R1|LAMC2|LDHA|MBTPS2|MIF|MMP8|NPPB|NUB1|OCLN|P4HA2|PAM|PDK1|PDK3|PGK1|PLOD3|PPP2R1B|PSPH|RPE65|SELE|SERPINE1|SOD1|SOD2|SP1|SREBF1|STAT3|TFRC|TIMM17A|TRP53|CHEK2|ALOX15|EPHX2|CD82|CYP2C23|CYP2C8|FDX1|FDXR|NME1|CYP2E1|HPGDS|PTGDS|PTGS1|SSTR2|CYP11A1|CYP17A1|CYP19A1|CYP1A2|CYP2A6|CYP2B1|CYP2B6|CYP2C18|CYP3A41A|CYP3A5|ESR1|ESR2A|ESR2B|NR1I3|ABCA12|ADAM1B|ADGRD1|ALG2|CKAP5|CMTR2|CPD|CXCL3|D0KIST5|D2ERTD295E|D9WSU74E|ENTR1|ETV1|EXOSC10|FAT3|FMNL3|FXYD7|GABRA1|GABRB1|GADL1|GATAD2A|GFRA1|GJB3|GLRA1|GNA12|GRIN1|GRIN2A|GRIN2B|HPRT1|HTR3A|IGSF5|KCNV2|KIF24|KREMEN1,b'x\x9ck`\x99\x9a\xce\xc2\x00\x06=\xa2y\xa5\xb9\x05\x95z\xc9\xf9E\xa9z\xb9\xa59%\x99\x89EE\x89\x95Szx\xe2\x8bR\x93\xf3\xf3\x8aK\x8aJ\x93K\xa6L\x9e\xd2\xc3\nV8\xa5\x87=/\x05\xa2d\xf2\x14o\x86\xd6)\xce\x8cIS\xda\xa7\x04M\xd1\xf0f\xf4\xfe\xde:%\x83\xb9\x875\xa5\xa4\xb2 \x15\xa4\x85)\xd3dJg\x07D\x96\xb9\x87\xd1f\x8a\x9f\x9f\x9f\xd7\x7f \x00\x13\xde\x0c%S\x92:\x9d\xee03\x8c\x82Q\xc0\xc08\xd0\x0e\x18\x054\x01S\x80\xb9\\\x0f\x00\xc0\x07=>',0|0|0|0|0|0|0|0|0|0|0|0|0|0|0|0|0|0|0|0|0|0|0|0|0|0|0|0|0|0|0|0|0|0|0|0|0|0|0|0|0|0|0|0|0|0|0|0|0|0|0|0|0|0|0|0|0|0|0|0|0|0|0|0|0|0|0|0|0|0|0|0|0|0|0|0|0|0|0|0|0|0|0|0|0|0|0|0|0|0|0|0|0|0|0|0|0|0|0|0|0|0|0|0|0|0|0|0|0|0|0|0|0|0|0|0|0|0|0|0|0|0|0|0|0|0|0|0|0|1|0|0|0|0|0|0|0|0|0|0|0|0|0|0|0|0|0|0|0|0|0|0|0|0|0|0|0|0|0|0|0|0|0|0|0|0|0|0|0|0|0|0|0|0|0|0|0|0|0|0|0|0|0|0|0|0|0|0|0|0|0|0|0|0|0|0|0|0|0|0|0|0|0|0|0|0|0|0|0|0|0|0|0|0|0|0|0|0|0|0|0|0|0|0|0|0|0|0|0|0|0|0|0|0|0|0|0|0|0|0|0|0|0|0|0|0|0
C410128,AR|EPHB2|MAX|MYC|FOS|KCNQ1|KCNQ2|KCNQ3|EPHX1|ABCB1|CYP2C19|CASP3|PPARG|SCD5|CASP8|AKT1|HIF1A|MAPK1|MAPK3|MAPK8|SLC2A1|VEGFA|GP1BA|GYPA|ITGA2B|ITGB3|TFEB|THPO|HAMP|TP53|CASP9|CDKN1A|CHEK1|ACHE|ACTA1|ALB|ATP5F1B|AZGP1|BCHE|CES1C|CTRB2|KIF3C|KRT1|SLC25A4|TF|TRF|ALDH1L2|CASP2|CASP6|BCL2|BCL2L1|DDIT3|MDM2|CYP2D6|CYP2C9|CYP3A4|NR1I2|UGT2B7|BAX|BID|CYCS|DIABLO|FADD|FAS|FASLG|PARP1|XIAP|NR3C1|CXCL8|IL1B|MAPK14|TNF|ABCC1|ALDH3A1|CAV1|CCND1|CHUK|EGFR|GSTA3|GSTA4|HMOX1|HOX1|HSPB1|ICAM1|IKBKB|MMP7|MMP9|NFKBIA|PLAU|PTGR1|PTGS2|RELA|CASP7|CLIC1|CLPP|CSF2|FLT3LG|IL3|KITLG|LAT2|PTEN|RPL23|RPL38|RPS6|SF3A1|BAD|CASP14|COX6A1|GADD45A|GADD45G|H2AX|MADD|MAP2K1|PDCD10|PDCD5|TNFSF10|TOP2A|ACE|AHR|AK1|AKAP9|AKR1C1|AKR1C2|AKR1C3|AKR1C4|ALDOA|ALDOC|ANKRD37|ANPEP|APP|AQP3|ASPA|ATF6|BDNF|BNIP3L|CA9|CAT|CD83|CD86|CFTR|CYP1A1|EGLN1|EGLN2|EGR1|ENO1|ENO2|ENPEP|ERCC2|GAPDH|GPX3|GSR|HBEGF|HIF3A|HILPDA|HK1|HK2|IGFBP5|IL1R1|LAMC2|LDHA|MBTPS2|MIF|MMP8|NPPB|NUB1|OCLN|P4HA2|PAM|PDK1|PDK3|PGK1|PLOD3|PPP2R1B|PSPH|RPE65|SELE|SERPINE1|SOD1|SOD2|SP1|SREBF1|STAT3|TFRC|TIMM17A|TRP53|CHEK2|ALOX15|EPHX2|CD82|CYP2C23|CYP2C8|FDX1|FDXR|NME1|CYP2E1|HPGDS|PTGDS|PTGS1|SSTR2|CYP11A1|CYP17A1|CYP19A1|CYP1A2|CYP2A6|CYP2B1|CYP2B6|CYP2C18|CYP3A41A|CYP3A5|ESR1|ESR2A|ESR2B|NR1I3|ABCA12|ADAM1B|ADGRD1|ALG2|CKAP5|CMTR2|CPD|CXCL3|D0KIST5|D2ERTD295E|D9WSU74E|ENTR1|ETV1|EXOSC10|FAT3|FMNL3|FXYD7|GABRA1|GABRB1|GADL1|GATAD2A|GFRA1|GJB3|GLRA1|GNA12|GRIN1|GRIN2A|GRIN2B|HPRT1|HTR3A|IGSF5|KCNV2|KIF24|KREMEN1,b'x\x9ck`\x99\x9a\xce\xc2\x00\x06=\xa2y\xa5\xb9\x05\x95z\xc9\xf9E\xa9z\xb9\xa59%\x99\x89EE\x89\x95Szx\xe2\x8bR\x93\xf3\xf3\x8aK\x8aJ\x93K\xa6L\x9e\xd2\xc3\nV8\xa5\x87=/\x05\xa2d\xf2\x14o\x86\xd6)\xce\x8cIS\xda\xa7\x04M\xd1\xf0f\xf4\xfe\xde:%\x83\xb9\x875\xa5\xa4\xb2 \x15\xa4\x85)\xd3dJg\x07D\x96\xb9\x87\xd1f\x8a\x9f\x9f\x9f\xd7\x7f \x00\x13\xde\x0c%S\x92:\x9d\xee03\x8c\x82Q0b\x00\xeb@;\x80\xce`\n0\x97\xeb\x01\x00\xc2\xf3=B',0|0|0|0|0|0|0|0|0|0|0|0|0|0|0|0|0|0|0|0|0|0|0|0|0|0|0|0|0|0|0|0|0|0|0|0|0|0|0|0|0|0|0|0|0|0|0|0|0|0|0|0|0|0|0|0|0|0|0|0|0|0|0|0|0|0|0|0|0|0|0|0|0|0|0|0|0|0|0|0|0|0|0|0|0|0|0|0|0|0|0|0|0|0|0|0|0|0|0|0|0|0|0|0|0|0|0|0|0|0|0|0|0|0|0|0|0|0|0|0|0|0|0|0|0|0|0|0|0|0|0|0|0|0|0|0|0|0|0|0|0|0|0|0|0|0|0|0|0|0|0|0|0|0|0|0|0|0|0|0|0|0|0|0|0|0|0|0|0|0|0|0|0|0|0|0|0|0|0|0|0|0|0|0|0|0|0|5|0|0|0|0|0|0|0|0|0|0|0|0|0|0|0|0|0|0|0|0|0|0|0|0|0|0|0|0|0|0|0|0|0|0|0|0|0|0|0|0|0|0|0|0|0|0|0|0|0|0|0|0|0|0|0|0|0|0|0
C046783,AR|EPHB2|MAX|MYC|FOS|KCNQ1|KCNQ2|KCNQ3|EPHX1|ABCB1|CYP2C19|CASP3|PPARG|SCD5|CASP8|AKT1|HIF1A|MAPK1|MAPK3|MAPK8|SLC2A1|VEGFA|GP1BA|GYPA|ITGA2B|ITGB3|TFEB|THPO|HAMP|TP53|CASP9|CDKN1A|CHEK1|ACHE|ACTA1|ALB|ATP5F1B|AZGP1|BCHE|CES1C|CTRB2|KIF3C|KRT1|SLC25A4|TF|TRF|ALDH1L2|CASP2|CASP6|BCL2|BCL2L1|DDIT3|MDM2|CYP2D6|CYP2C9|CYP3A4|NR1I2|UGT2B7|BAX|BID|CYCS|DIABLO|FADD|FAS|FASLG|PARP1|XIAP|NR3C1|CXCL8|IL1B|MAPK14|TNF|ABCC1|ALDH3A1|CAV1|CCND1|CHUK|EGFR|GSTA3|GSTA4|HMOX1|HOX1|HSPB1|ICAM1|IKBKB|MMP7|MMP9|NFKBIA|PLAU|PTGR1|PTGS2|RELA|CASP7|CLIC1|CLPP|CSF2|FLT3LG|IL3|KITLG|LAT2|PTEN|RPL23|RPL38|RPS6|SF3A1|BAD|CASP14|COX6A1|GADD45A|GADD45G|H2AX|MADD|MAP2K1|PDCD10|PDCD5|TNFSF10|TOP2A|ACE|AHR|AK1|AKAP9|AKR1C1|AKR1C2|AKR1C3|AKR1C4|ALDOA|ALDOC|ANKRD37|ANPEP|APP|AQP3|ASPA|ATF6|BDNF|BNIP3L|CA9|CAT|CD83|CD86|CFTR|CYP1A1|EGLN1|EGLN2|EGR1|ENO1|ENO2|ENPEP|ERCC2|GAPDH|GPX3|GSR|HBEGF|HIF3A|HILPDA|HK1|HK2|IGFBP5|IL1R1|LAMC2|LDHA|MBTPS2|MIF|MMP8|NPPB|NUB1|OCLN|P4HA2|PAM|PDK1|PDK3|PGK1|PLOD3|PPP2R1B|PSPH|RPE65|SELE|SERPINE1|SOD1|SOD2|SP1|SREBF1|STAT3|TFRC|TIMM17A|TRP53|CHEK2|ALOX15|EPHX2|CD82|CYP2C23|CYP2C8|FDX1|FDXR|NME1|CYP2E1|HPGDS|PTGDS|PTGS1|SSTR2|CYP11A1|CYP17A1|CYP19A1|CYP1A2|CYP2A6|CYP2B1|CYP2B6|CYP2C18|CYP3A41A|CYP3A5|ESR1|ESR2A|ESR2B|NR1I3|ABCA12|ADAM1B|ADGRD1|ALG2|CKAP5|CMTR2|CPD|CXCL3|D0KIST5|D2ERTD295E|D9WSU74E|ENTR1|ETV1|EXOSC10|FAT3|FMNL3|FXYD7|GABRA1|GABRB1|GADL1|GATAD2A|GFRA1|GJB3|GLRA1|GNA12|GRIN1|GRIN2A|GRIN2B|HPRT1|HTR3A|IGSF5|KCNV2|KIF24|KREMEN1,"b""x\x9ck`\x99\x9a\xce\xc2\x00\x06=\xa2y\xa5\xb9\x05\x95z\xc9\xf9E\xa9z\xb9\xa59%\x99\x89EE\x89\x95Szx\xe2\x8bR\x93\xf3\xf3\x8aK\x8aJ\x93K\xa6L\x9e\xd2\xc3\nV8\xa5\x87=/\x05\xa2d\xf2\x14o\x86\xd6)\xce\x8cIS\xda\xa7\x04M\xd1\xf0f\xf4\xfe\xde:%\x83\xb9\x875\xa5\xa4\xb2 \x15\xa4\x85)\xd3dJg\x07D\x96\xb9\x87\xd1f\x8a\x9f\x9f\x9f\xd7\x7f \x00\x13\xde\x0c%S\x92:\x9d\xee03\x90\x04\x18q\xf0\x99\xa0x0\x01Z\xba\x89\xc4`\x1b\x05\x83\x04\x802\x1e(\xcd\xc2\xd2\x06#\x12\x1e\x8e`\n0\x97\xeb\x01\x00\xf3'=V""",0|0|0|0|0|0|0|0|0|0|0|1|0|0|0|1|0|2|2|0|0|0|0|0|0|0|0|0|0|0|0|0|0|0|0|0|0|0|0|0|0|0|0|0|0|0|0|0|0|0|0|0|0|0|2|2|0|0|0|0|0|0|0|0|0|0|0|0|0|0|0|0|0|0|0|0|0|3|0|0|0|0|0|0|0|0|0|0|0|0|0|0|0|0|0|0|0|0|0|0|0|0|0|0|0|0|0|0|0|0|0|0|0|0|0|0|0|0|0|0|0|0|0|0|0|0|0|0|0|0|0|0|0|0|0|0|0|0|0|0|0|0|0|0|0|0|0|0|0|0|0|0|0|0|0|0|0|0|0|0|0|0|0|0|0|0|0|0|0|0|0|0|0|0|0|0|0|0|0|0|0|0|0|0|0|0|0|4|1|2|2|1|1|1|0|0|0|0|0|0|0|0|0|0|0|0|0|0|0|0|0|0|0|0|0|0|0|0|0|0|0|0|0|0|0|0|0|0|0|0|0|0|0|0|0|0|0|0|0|0|0|0|0|0|0|0|0
C072959,AR|EPHB2|MAX|MYC|FOS|KCNQ1|KCNQ2|KCNQ3|EPHX1|ABCB1|CYP2C19|CASP3|PPARG|SCD5|CASP8|AKT1|HIF1A|MAPK1|MAPK3|MAPK8|SLC2A1|VEGFA|GP1BA|GYPA|ITGA2B|ITGB3|TFEB|THPO|HAMP|TP53|CASP9|CDKN1A|CHEK1|ACHE|ACTA1|ALB|ATP5F1B|AZGP1|BCHE|CES1C|CTRB2|KIF3C|KRT1|SLC25A4|TF|TRF|ALDH1L2|CASP2|CASP6|BCL2|BCL2L1|DDIT3|MDM2|CYP2D6|CYP2C9|CYP3A4|NR1I2|UGT2B7|BAX|BID|CYCS|DIABLO|FADD|FAS|FASLG|PARP1|XIAP|NR3C1|CXCL8|IL1B|MAPK14|TNF|ABCC1|ALDH3A1|CAV1|CCND1|CHUK|EGFR|GSTA3|GSTA4|HMOX1|HOX1|HSPB1|ICAM1|IKBKB|MMP7|MMP9|NFKBIA|PLAU|PTGR1|PTGS2|RELA|CASP7|CLIC1|CLPP|CSF2|FLT3LG|IL3|KITLG|LAT2|PTEN|RPL23|RPL38|RPS6|SF3A1|BAD|CASP14|COX6A1|GADD45A|GADD45G|H2AX|MADD|MAP2K1|PDCD10|PDCD5|TNFSF10|TOP2A|ACE|AHR|AK1|AKAP9|AKR1C1|AKR1C2|AKR1C3|AKR1C4|ALDOA|ALDOC|ANKRD37|ANPEP|APP|AQP3|ASPA|ATF6|BDNF|BNIP3L|CA9|CAT|CD83|CD86|CFTR|CYP1A1|EGLN1|EGLN2|EGR1|ENO1|ENO2|ENPEP|ERCC2|GAPDH|GPX3|GSR|HBEGF|HIF3A|HILPDA|HK1|HK2|IGFBP5|IL1R1|LAMC2|LDHA|MBTPS2|MIF|MMP8|NPPB|NUB1|OCLN|P4HA2|PAM|PDK1|PDK3|PGK1|PLOD3|PPP2R1B|PSPH|RPE65|SELE|SERPINE1|SOD1|SOD2|SP1|SREBF1|STAT3|TFRC|TIMM17A|TRP53|CHEK2|ALOX15|EPHX2|CD82|CYP2C23|CYP2C8|FDX1|FDXR|NME1|CYP2E1|HPGDS|PTGDS|PTGS1|SSTR2|CYP11A1|CYP17A1|CYP19A1|CYP1A2|CYP2A6|CYP2B1|CYP2B6|CYP2C18|CYP3A41A|CYP3A5|ESR1|ESR2A|ESR2B|NR1I3|ABCA12|ADAM1B|ADGRD1|ALG2|CKAP5|CMTR2|CPD|CXCL3|D0KIST5|D2ERTD295E|D9WSU74E|ENTR1|ETV1|EXOSC10|FAT3|FMNL3|FXYD7|GABRA1|GABRB1|GADL1|GATAD2A|GFRA1|GJB3|GLRA1|GNA12|GRIN1|GRIN2A|GRIN2B|HPRT1|HTR3A|IGSF5|KCNV2|KIF24|KREMEN1,b'x\x9ck`\x99\x9a\xce\xc2\x00\x06=\xa2y\xa5\xb9\x05\x95z\xc9\xf9E\xa9z\xb9\xa59%\x99\x89EE\x89\x95Szx\xe2\x8bR\x93\xf3\xf3\x8aK\x8aJ\x93K\xa6L\x9e\xd2\xc3\nV8\xa5\x87=/\x05\xa2d\xf2\x14o\x86\xd6)\xce\x8cIS\xda\xa7\x04M\xd1\xf0f\xf4\xfe\xde:%\x83\xb9\x875\xa5\xa4\xb2 \x15\xa4\x85)\xd3dJg\x07D\x96\xb9\x87\xd1f\x8a\x9f\x9f\x9f\xd7\x7f \x00\x13\xde\x0c%S\x92:\x9d\xee03\x8c\x82Q0\n\x80\x80q\xa0\x1d@\x030\x05\x98\xcb\xf5\x00\xbf\x03=>',0|0|0|0|0|0|0|0|0|0|0|0|0|0|0|0|0|0|0|0|0|0|0|0|0|0|0|0|0|0|0|0|0|0|0|0|0|0|0|0|0|0|0|0|0|0|0|0|0|0|0|0|0|0|0|0|0|0|0|0|0|0|0|0|0|0|0|0|0|0|0|0|0|0|0|0|0|0|0|0|0|0|0|0|0|0|0|0|0|0|0|0|0|0|0|0|0|0|0|0|0|0|0|0|0|0|0|0|0|0|0|0|0|0|0|0|0|0|0|0|0|0|0|0|0|0|0|0|0|0|0|0|0|0|0|0|0|0|0|0|0|0|0|0|0|0|0|0|0|0|0|0|0|0|0|0|0|0|0|0|0|0|0|0|0|0|0|0|0|0|0|0|0|0|0|0|0|0|0|0|0|0|0|0|0|0|0|0|0|0|0|0|0|0|1|0|0|0|0|0|0|0|0|0|0|0|0|0|0|0|0|0|0|0|0|0|0|0|0|0|0|0|0|0|0|0|0|0|0|0|0|0|0|0|0|0|0|0|0|0|0|0|0|0|0|0|0
C051283,AR|EPHB2|MAX|MYC|FOS|KCNQ1|KCNQ2|KCNQ3|EPHX1|ABCB1|CYP2C19|CASP3|PPARG|SCD5|CASP8|AKT1|HIF1A|MAPK1|MAPK3|MAPK8|SLC2A1|VEGFA|GP1BA|GYPA|ITGA2B|ITGB3|TFEB|THPO|HAMP|TP53|CASP9|CDKN1A|CHEK1|ACHE|ACTA1|ALB|ATP5F1B|AZGP1|BCHE|CES1C|CTRB2|KIF3C|KRT1|SLC25A4|TF|TRF|ALDH1L2|CASP2|CASP6|BCL2|BCL2L1|DDIT3|MDM2|CYP2D6|CYP2C9|CYP3A4|NR1I2|UGT2B7|BAX|BID|CYCS|DIABLO|FADD|FAS|FASLG|PARP1|XIAP|NR3C1|CXCL8|IL1B|MAPK14|TNF|ABCC1|ALDH3A1|CAV1|CCND1|CHUK|EGFR|GSTA3|GSTA4|HMOX1|HOX1|HSPB1|ICAM1|IKBKB|MMP7|MMP9|NFKBIA|PLAU|PTGR1|PTGS2|RELA|CASP7|CLIC1|CLPP|CSF2|FLT3LG|IL3|KITLG|LAT2|PTEN|RPL23|RPL38|RPS6|SF3A1|BAD|CASP14|COX6A1|GADD45A|GADD45G|H2AX|MADD|MAP2K1|PDCD10|PDCD5|TNFSF10|TOP2A|ACE|AHR|AK1|AKAP9|AKR1C1|AKR1C2|AKR1C3|AKR1C4|ALDOA|ALDOC|ANKRD37|ANPEP|APP|AQP3|ASPA|ATF6|BDNF|BNIP3L|CA9|CAT|CD83|CD86|CFTR|CYP1A1|EGLN1|EGLN2|EGR1|ENO1|ENO2|ENPEP|ERCC2|GAPDH|GPX3|GSR|HBEGF|HIF3A|HILPDA|HK1|HK2|IGFBP5|IL1R1|LAMC2|LDHA|MBTPS2|MIF|MMP8|NPPB|NUB1|OCLN|P4HA2|PAM|PDK1|PDK3|PGK1|PLOD3|PPP2R1B|PSPH|RPE65|SELE|SERPINE1|SOD1|SOD2|SP1|SREBF1|STAT3|TFRC|TIMM17A|TRP53|CHEK2|ALOX15|EPHX2|CD82|CYP2C23|CYP2C8|FDX1|FDXR|NME1|CYP2E1|HPGDS|PTGDS|PTGS1|SSTR2|CYP11A1|CYP17A1|CYP19A1|CYP1A2|CYP2A6|CYP2B1|CYP2B6|CYP2C18|CYP3A41A|CYP3A5|ESR1|ESR2A|ESR2B|NR1I3|ABCA12|ADAM1B|ADGRD1|ALG2|CKAP5|CMTR2|CPD|CXCL3|D0KIST5|D2ERTD295E|D9WSU74E|ENTR1|ETV1|EXOSC10|FAT3|FMNL3|FXYD7|GABRA1|GABRB1|GADL1|GATAD2A|GFRA1|GJB3|GLRA1|GNA12|GRIN1|GRIN2A|GRIN2B|HPRT1|HTR3A|IGSF5|KCNV2|KIF24|KREMEN1,"b'x\x9ck`\x99\x9a\xce\xc2\x00\x06=\xa2y\xa5\xb9\x05\x95z\xc9\xf9E\xa9z\xb9\xa59%\x99\x89EE\x89\x95Szx\xe2\x8bR\x93\xf3\xf3\x8aK\x8aJ\x93K\xa6L\x9e\xd2\xc3\nV8\xa5\x87=/\x05\xa2d\xf2\x14o\x86\xd6)\xce\x8cIS\xda\xa7\x04M\xd1\xf0f\xf4\xfe\xde:%\x83\xb9\x875\xa5\xa4\xb2 \x15\xa4\x85)\xd3dJg\x07D\x96\xb9\x87\xd1f\x8a\x9f\x9f\x9f\xd7\x7f \x00\x13\xde\x0c%S\x92:\x9d\xee03\x8c\x82Q0""\x00\xe3@;`\x00\xc0\x14`.\xd7\x03\x00\xbf#=>'",0|0|0|0|0|0|0|0|0|0|0|0|0|0|0|0|0|0|0|0|0|0|0|0|0|0|0|0|0|0|0|0|0|0|0|0|0|0|0|0|0|0|0|0|0|0|0|0|0|0|0|0|0|0|0|0|0|0|0|0|0|0|0|0|0|0|0|0|0|0|0|0|0|0|0|0|0|0|0|0|0|0|0|0|0|0|0|0|0|0|0|0|0|0|0|0|0|0|0|0|0|0|0|0|0|0|0|0|0|0|0|0|0|0|0|0|0|0|0|0|0|0|0|0|0|0|0|0|0|0|0|0|0|0|0|0|0|0|0|0|0|0|0|0|0|0|0|0|0|0|0|0|0|0|0|0|0|0|0|0|0|0|0|0|0|0|0|0|0|0|0|0|0|0|0|0|0|0|0|0|0|0|0|0|0|0|1|0|0|0|0|0|0|0|0|0|0|0|0|0|0|0|0|0|0|0|0|0|0|0|0|0|0|0|0|0|0|0|0|0|0|0|0|0|0|0|0|0|0|0|0|0|0|0|0|0|0|0|0|0|0|0|0|0|0|0|0
C527346,AR|EPHB2|MAX|MYC|FOS|KCNQ1|KCNQ2|KCNQ3|EPHX1|ABCB1|CYP2C19|CASP3|PPARG|SCD5|CASP8|AKT1|HIF1A|MAPK1|MAPK3|MAPK8|SLC2A1|VEGFA|GP1BA|GYPA|ITGA2B|ITGB3|TFEB|THPO|HAMP|TP53|CASP9|CDKN1A|CHEK1|ACHE|ACTA1|ALB|ATP5F1B|AZGP1|BCHE|CES1C|CTRB2|KIF3C|KRT1|SLC25A4|TF|TRF|ALDH1L2|CASP2|CASP6|BCL2|BCL2L1|DDIT3|MDM2|CYP2D6|CYP2C9|CYP3A4|NR1I2|UGT2B7|BAX|BID|CYCS|DIABLO|FADD|FAS|FASLG|PARP1|XIAP|NR3C1|CXCL8|IL1B|MAPK14|TNF|ABCC1|ALDH3A1|CAV1|CCND1|CHUK|EGFR|GSTA3|GSTA4|HMOX1|HOX1|HSPB1|ICAM1|IKBKB|MMP7|MMP9|NFKBIA|PLAU|PTGR1|PTGS2|RELA|CASP7|CLIC1|CLPP|CSF2|FLT3LG|IL3|KITLG|LAT2|PTEN|RPL23|RPL38|RPS6|SF3A1|BAD|CASP14|COX6A1|GADD45A|GADD45G|H2AX|MADD|MAP2K1|PDCD10|PDCD5|TNFSF10|TOP2A|ACE|AHR|AK1|AKAP9|AKR1C1|AKR1C2|AKR1C3|AKR1C4|ALDOA|ALDOC|ANKRD37|ANPEP|APP|AQP3|ASPA|ATF6|BDNF|BNIP3L|CA9|CAT|CD83|CD86|CFTR|CYP1A1|EGLN1|EGLN2|EGR1|ENO1|ENO2|ENPEP|ERCC2|GAPDH|GPX3|GSR|HBEGF|HIF3A|HILPDA|HK1|HK2|IGFBP5|IL1R1|LAMC2|LDHA|MBTPS2|MIF|MMP8|NPPB|NUB1|OCLN|P4HA2|PAM|PDK1|PDK3|PGK1|PLOD3|PPP2R1B|PSPH|RPE65|SELE|SERPINE1|SOD1|SOD2|SP1|SREBF1|STAT3|TFRC|TIMM17A|TRP53|CHEK2|ALOX15|EPHX2|CD82|CYP2C23|CYP2C8|FDX1|FDXR|NME1|CYP2E1|HPGDS|PTGDS|PTGS1|SSTR2|CYP11A1|CYP17A1|CYP19A1|CYP1A2|CYP2A6|CYP2B1|CYP2B6|CYP2C18|CYP3A41A|CYP3A5|ESR1|ESR2A|ESR2B|NR1I3|ABCA12|ADAM1B|ADGRD1|ALG2|CKAP5|CMTR2|CPD|CXCL3|D0KIST5|D2ERTD295E|D9WSU74E|ENTR1|ETV1|EXOSC10|FAT3|FMNL3|FXYD7|GABRA1|GABRB1|GADL1|GATAD2A|GFRA1|GJB3|GLRA1|GNA12|GRIN1|GRIN2A|GRIN2B|HPRT1|HTR3A|IGSF5|KCNV2|KIF24|KREMEN1,b'x\x9ck`\x99\x9a\xce\xc2\x00\x06=\xa2y\xa5\xb9\x05\x95z\xc9\xf9E\xa9z\xb9\xa59%\x99\x89EE\x89\x95Szx\xe2\x8bR\x93\xf3\xf3\x8aK\x8aJ\x93K\xa6L\x9e\xd2\xc3\nV8\xa5\x87=/\x05\xa2d\xf2\x14o\x86\xd6)\xce\x8cIS\xda\xa7\x04M\xd1\xf0f\xf4\xfe\xde:%\x83\xb9\x875\xa5\xa4\xb2 \x15\xa4\x85)\xd3dJg\x07D\x96\xb9\x87\xd1f\x8a\x9f\x9f\x9f\xd7\x7f \x00\x13\xde\x0c%S\x92:\x9d\xee03\x8c\x82Q0\n\xa0\x80\x11\x8a\x99\x06\xda!T\x02S\x80\xb9\\\x0f\x00\xc1j=A',0|0|0|0|0|0|0|0|0|0|0|0|0|0|0|0|0|0|0|0|0|0|0|0|0|0|0|0|0|0|0|0|0|0|0|0|0|0|0|0|0|0|0|0|0|0|0|0|0|0|0|0|0|0|0|0|0|0|0|0|0|0|0|0|0|0|0|0|0|0|0|0|0|0|0|0|0|0|0|0|0|0|0|0|0|0|0|0|0|0|0|0|0|0|0|0|0|0|0|0|0|0|0|0|0|0|0|0|0|0|0|0|0|0|0|0|0|0|0|0|0|0|0|0|0|0|0|0|0|0|0|0|0|0|0|0|0|0|0|0|0|0|0|0|0|0|0|0|0|0|0|0|0|0|0|0|0|0|0|0|0|0|0|0|0|0|0|0|0|0|0|0|0|0|0|0|0|0|0|0|0|0|0|0|0|0|0|0|0|0|0|0|0|0|0|1|1|2|0|0|0|0|0|0|0|0|0|0|0|0|0|0|0|0|0|0|0|0|0|0|0|0|0|0|0|0|0|0|0|0|0|0|0|0|0|0|0|0|0|0|0|0|0|0|0|0|0
C049154,AR|EPHB2|MAX|MYC|FOS|KCNQ1|KCNQ2|KCNQ3|EPHX1|ABCB1|CYP2C19|CASP3|PPARG|SCD5|CASP8|AKT1|HIF1A|MAPK1|MAPK3|MAPK8|SLC2A1|VEGFA|GP1BA|GYPA|ITGA2B|ITGB3|TFEB|THPO|HAMP|TP53|CASP9|CDKN1A|CHEK1|ACHE|ACTA1|ALB|ATP5F1B|AZGP1|BCHE|CES1C|CTRB2|KIF3C|KRT1|SLC25A4|TF|TRF|ALDH1L2|CASP2|CASP6|BCL2|BCL2L1|DDIT3|MDM2|CYP2D6|CYP2C9|CYP3A4|NR1I2|UGT2B7|BAX|BID|CYCS|DIABLO|FADD|FAS|FASLG|PARP1|XIAP|NR3C1|CXCL8|IL1B|MAPK14|TNF|ABCC1|ALDH3A1|CAV1|CCND1|CHUK|EGFR|GSTA3|GSTA4|HMOX1|HOX1|HSPB1|ICAM1|IKBKB|MMP7|MMP9|NFKBIA|PLAU|PTGR1|PTGS2|RELA|CASP7|CLIC1|CLPP|CSF2|FLT3LG|IL3|KITLG|LAT2|PTEN|RPL23|RPL38|RPS6|SF3A1|BAD|CASP14|COX6A1|GADD45A|GADD45G|H2AX|MADD|MAP2K1|PDCD10|PDCD5|TNFSF10|TOP2A|ACE|AHR|AK1|AKAP9|AKR1C1|AKR1C2|AKR1C3|AKR1C4|ALDOA|ALDOC|ANKRD37|ANPEP|APP|AQP3|ASPA|ATF6|BDNF|BNIP3L|CA9|CAT|CD83|CD86|CFTR|CYP1A1|EGLN1|EGLN2|EGR1|ENO1|ENO2|ENPEP|ERCC2|GAPDH|GPX3|GSR|HBEGF|HIF3A|HILPDA|HK1|HK2|IGFBP5|IL1R1|LAMC2|LDHA|MBTPS2|MIF|MMP8|NPPB|NUB1|OCLN|P4HA2|PAM|PDK1|PDK3|PGK1|PLOD3|PPP2R1B|PSPH|RPE65|SELE|SERPINE1|SOD1|SOD2|SP1|SREBF1|STAT3|TFRC|TIMM17A|TRP53|CHEK2|ALOX15|EPHX2|CD82|CYP2C23|CYP2C8|FDX1|FDXR|NME1|CYP2E1|HPGDS|PTGDS|PTGS1|SSTR2|CYP11A1|CYP17A1|CYP19A1|CYP1A2|CYP2A6|CYP2B1|CYP2B6|CYP2C18|CYP3A41A|CYP3A5|ESR1|ESR2A|ESR2B|NR1I3|ABCA12|ADAM1B|ADGRD1|ALG2|CKAP5|CMTR2|CPD|CXCL3|D0KIST5|D2ERTD295E|D9WSU74E|ENTR1|ETV1|EXOSC10|FAT3|FMNL3|FXYD7|GABRA1|GABRB1|GADL1|GATAD2A|GFRA1|GJB3|GLRA1|GNA12|GRIN1|GRIN2A|GRIN2B|HPRT1|HTR3A|IGSF5|KCNV2|KIF24|KREMEN1,b'x\x9ck`\x99\x9a\xce\xc2\x00\x06=\xa2y\xa5\xb9\x05\x95z\xc9\xf9E\xa9z\xb9\xa59%\x99\x89EE\x89\x95Szx\xe2\x8bR\x93\xf3\xf3\x8aK\x8aJ\x93K\xa6L\x9e\xd2\xc3\nV8\xa5\x87=/\x05\xa2d\xf2\x14o\x86\xd6)\xce\x8cIS\xda\xa7\x04M\xd1\xf0f\xf4\xfe\xde:%\x83\xb9\x875\xa5\xa4\xb2 \x15\xa4\x85)\xd3dJg\x07D\x96\xb9\x87\xd1f\x8a\x9f\x9f\x9f\xd7\x7f \x00\x13\xde\x0c%S\x92:\x9d\xee03\x8c\x02$\xc08\xd0\x0e\x18\x05\xa3\x80\x8a`\n0\x97\xeb\x01\x00\xc0\xff=>',0|0|0|0|0|0|0|0|0|0|0|0|0|0|0|0|0|0|0|0|0|0|0|0|0|0|0|0|0|0|0|0|0|0|0|0|0|0|0|0|0|0|0|0|0|0|0|0|0|0|0|0|0|0|0|0|0|0|0|0|0|0|0|0|0|0|0|1|0|0|0|0|0|0|0|0|0|0|0|0|0|0|0|0|0|0|0|0|0|0|0|0|0|0|0|0|0|0|0|0|0|0|0|0|0|0|0|0|0|0|0|0|0|0|0|0|0|0|0|0|0|0|0|0|0|0|0|0|0|0|0|0|0|0|0|0|0|0|0|0|0|0|0|0|0|0|0|0|0|0|0|0|0|0|0|0|0|0|0|0|0|0|0|0|0|0|0|0|0|0|0|0|0|0|0|0|0|0|0|0|0|0|0|0|0|0|0|0|0|0|0|0|0|0|0|0|0|0|0|0|0|0|0|0|0|0|0|0|0|0|0|0|0|0|0|0|0|0|0|0|0|0|0|0|0|0|0|0|0|0|0|0|0|0|0|0|0|0|0|0|0|0|0|0|0|0|0
C507387,AR|EPHB2|MAX|MYC|FOS|KCNQ1|KCNQ2|KCNQ3|EPHX1|ABCB1|CYP2C19|CASP3|PPARG|SCD5|CASP8|AKT1|HIF1A|MAPK1|MAPK3|MAPK8|SLC2A1|VEGFA|GP1BA|GYPA|ITGA2B|ITGB3|TFEB|THPO|HAMP|TP53|CASP9|CDKN1A|CHEK1|ACHE|ACTA1|ALB|ATP5F1B|AZGP1|BCHE|CES1C|CTRB2|KIF3C|KRT1|SLC25A4|TF|TRF|ALDH1L2|CASP2|CASP6|BCL2|BCL2L1|DDIT3|MDM2|CYP2D6|CYP2C9|CYP3A4|NR1I2|UGT2B7|BAX|BID|CYCS|DIABLO|FADD|FAS|FASLG|PARP1|XIAP|NR3C1|CXCL8|IL1B|MAPK14|TNF|ABCC1|ALDH3A1|CAV1|CCND1|CHUK|EGFR|GSTA3|GSTA4|HMOX1|HOX1|HSPB1|ICAM1|IKBKB|MMP7|MMP9|NFKBIA|PLAU|PTGR1|PTGS2|RELA|CASP7|CLIC1|CLPP|CSF2|FLT3LG|IL3|KITLG|LAT2|PTEN|RPL23|RPL38|RPS6|SF3A1|BAD|CASP14|COX6A1|GADD45A|GADD45G|H2AX|MADD|MAP2K1|PDCD10|PDCD5|TNFSF10|TOP2A|ACE|AHR|AK1|AKAP9|AKR1C1|AKR1C2|AKR1C3|AKR1C4|ALDOA|ALDOC|ANKRD37|ANPEP|APP|AQP3|ASPA|ATF6|BDNF|BNIP3L|CA9|CAT|CD83|CD86|CFTR|CYP1A1|EGLN1|EGLN2|EGR1|ENO1|ENO2|ENPEP|ERCC2|GAPDH|GPX3|GSR|HBEGF|HIF3A|HILPDA|HK1|HK2|IGFBP5|IL1R1|LAMC2|LDHA|MBTPS2|MIF|MMP8|NPPB|NUB1|OCLN|P4HA2|PAM|PDK1|PDK3|PGK1|PLOD3|PPP2R1B|PSPH|RPE65|SELE|SERPINE1|SOD1|SOD2|SP1|SREBF1|STAT3|TFRC|TIMM17A|TRP53|CHEK2|ALOX15|EPHX2|CD82|CYP2C23|CYP2C8|FDX1|FDXR|NME1|CYP2E1|HPGDS|PTGDS|PTGS1|SSTR2|CYP11A1|CYP17A1|CYP19A1|CYP1A2|CYP2A6|CYP2B1|CYP2B6|CYP2C18|CYP3A41A|CYP3A5|ESR1|ESR2A|ESR2B|NR1I3|ABCA12|ADAM1B|ADGRD1|ALG2|CKAP5|CMTR2|CPD|CXCL3|D0KIST5|D2ERTD295E|D9WSU74E|ENTR1|ETV1|EXOSC10|FAT3|FMNL3|FXYD7|GABRA1|GABRB1|GADL1|GATAD2A|GFRA1|GJB3|GLRA1|GNA12|GRIN1|GRIN2A|GRIN2B|HPRT1|HTR3A|IGSF5|KCNV2|KIF24|KREMEN1,b'x\x9ck`\x99\x9a\xce\xc2\x00\x06=\xa2y\xa5\xb9\x05\x95z\xc9\xf9E\xa9z\xb9\xa59%\x99\x89EE\x89\x95Szx\xe2\x8bR\x93\xf3\xf3\x8aK\x8aJ\x93K\xa6L\x9e\xd2\xc3\nV8\xa5\x87=/\x05\xa2d\xf2\x14o\x86\xd6)\xce\x8cIS\xda\xa7\x04M\xd1\xf0f\xf4\xfe\xde:%\x83\xb9\x875\xa5\xa4\xb2 \x15\xa4\x85)\xd3dJg\x07D\x96\xb9\x87\xd1f\x8a\x9f\x9f\x9f\xd7\x7f \x00\x13\xde\x0c%S\x92:\x9d\xee03\x8c\x82Q0\n\xb0\x00\xc6\x81v\x00\x15\xc0\x14`.\xd7\x03\x00\xbe\xf3=>',0|0|0|0|0|0|0|0|0|0|0|0|0|0|0|0|0|0|0|0|0|0|0|0|0|0|0|0|0|0|0|0|0|0|0|0|0|0|0|0|0|0|0|0|0|0|0|0|0|0|0|0|0|0|0|0|0|0|0|0|0|0|0|0|0|0|0|0|0|0|0|0|0|0|0|0|0|0|0|0|0|0|0|0|0|0|0|0|0|0|0|0|0|0|0|0|0|0|0|0|0|0|0|0|0|0|0|0|0|0|0|0|0|0|0|0|0|0|0|0|0|0|0|0|0|0|0|0|0|0|0|0|0|0|0|0|0|0|0|0|0|0|0|0|0|0|0|0|0|0|0|0|0|0|0|0|0|0|0|0|0|0|0|0|0|0|0|0|0|0|0|0|0|0|0|0|0|0|0|0|0|0|0|0|0|0|0|0|0|0|0|0|0|0|0|0|0|0|1|0|0|0|0|0|0|0|0|0|0|0|0|0|0|0|0|0|0|0|0|0|0|0|0|0|0|0|0|0|0|0|0|0|0|0|0|0|0|0|0|0|0|0|0|0|0|0|0
C495657,AR|EPHB2|MAX|MYC|FOS|KCNQ1|KCNQ2|KCNQ3|EPHX1|ABCB1|CYP2C19|CASP3|PPARG|SCD5|CASP8|AKT1|HIF1A|MAPK1|MAPK3|MAPK8|SLC2A1|VEGFA|GP1BA|GYPA|ITGA2B|ITGB3|TFEB|THPO|HAMP|TP53|CASP9|CDKN1A|CHEK1|ACHE|ACTA1|ALB|ATP5F1B|AZGP1|BCHE|CES1C|CTRB2|KIF3C|KRT1|SLC25A4|TF|TRF|ALDH1L2|CASP2|CASP6|BCL2|BCL2L1|DDIT3|MDM2|CYP2D6|CYP2C9|CYP3A4|NR1I2|UGT2B7|BAX|BID|CYCS|DIABLO|FADD|FAS|FASLG|PARP1|XIAP|NR3C1|CXCL8|IL1B|MAPK14|TNF|ABCC1|ALDH3A1|CAV1|CCND1|CHUK|EGFR|GSTA3|GSTA4|HMOX1|HOX1|HSPB1|ICAM1|IKBKB|MMP7|MMP9|NFKBIA|PLAU|PTGR1|PTGS2|RELA|CASP7|CLIC1|CLPP|CSF2|FLT3LG|IL3|KITLG|LAT2|PTEN|RPL23|RPL38|RPS6|SF3A1|BAD|CASP14|COX6A1|GADD45A|GADD45G|H2AX|MADD|MAP2K1|PDCD10|PDCD5|TNFSF10|TOP2A|ACE|AHR|AK1|AKAP9|AKR1C1|AKR1C2|AKR1C3|AKR1C4|ALDOA|ALDOC|ANKRD37|ANPEP|APP|AQP3|ASPA|ATF6|BDNF|BNIP3L|CA9|CAT|CD83|CD86|CFTR|CYP1A1|EGLN1|EGLN2|EGR1|ENO1|ENO2|ENPEP|ERCC2|GAPDH|GPX3|GSR|HBEGF|HIF3A|HILPDA|HK1|HK2|IGFBP5|IL1R1|LAMC2|LDHA|MBTPS2|MIF|MMP8|NPPB|NUB1|OCLN|P4HA2|PAM|PDK1|PDK3|PGK1|PLOD3|PPP2R1B|PSPH|RPE65|SELE|SERPINE1|SOD1|SOD2|SP1|SREBF1|STAT3|TFRC|TIMM17A|TRP53|CHEK2|ALOX15|EPHX2|CD82|CYP2C23|CYP2C8|FDX1|FDXR|NME1|CYP2E1|HPGDS|PTGDS|PTGS1|SSTR2|CYP11A1|CYP17A1|CYP19A1|CYP1A2|CYP2A6|CYP2B1|CYP2B6|CYP2C18|CYP3A41A|CYP3A5|ESR1|ESR2A|ESR2B|NR1I3|ABCA12|ADAM1B|ADGRD1|ALG2|CKAP5|CMTR2|CPD|CXCL3|D0KIST5|D2ERTD295E|D9WSU74E|ENTR1|ETV1|EXOSC10|FAT3|FMNL3|FXYD7|GABRA1|GABRB1|GADL1|GATAD2A|GFRA1|GJB3|GLRA1|GNA12|GRIN1|GRIN2A|GRIN2B|HPRT1|HTR3A|IGSF5|KCNV2|KIF24|KREMEN1,b'x\x9ck`\x99\x9a\xce\xc2\x00\x06=\xa2y\xa5\xb9\x05\x95z\xc9\xf9E\xa9z\xb9\xa59%\x99\x89EE\x89\x95Szx\xe2\x8bR\x93\xf3\xf3\x8aK\x8aJ\x93K\xa6L\x9e\xd2\xc3\nV8\xa5\x87=/\x05\xa2d\xf2\x14o\x86\xd6)\xce\x8cIS\xda\xa7\x04M\xd1\xf0f\xf4\xfe\xde:%\x83\xb9\x875\xa5\xa4\xb2 \x15\xa4\x85)\xd3dJg\x07D\x96\xb9\x87\xd1f\x8a\x9f\x9f\x9f\xd7\x7f \x00\x13\xde\x0c%S\x92:\x9d\xee03\x10\r\x98\x88W:\xe0\x80\x11\t\x8fT@-\xbf\x8f\x940\xc4\xe6O\xe4t\xc4\x84\x83\r\xc2\xcc\x0c\x833\xcdM\x01\xe6r=\x00\xdfT=W',0|0|0|0|0|0|0|0|0|0|2|0|0|0|0|0|0|0|0|0|0|0|0|0|0|0|0|0|0|0|0|0|0|0|0|0|0|0|0|0|0|0|0|0|0|0|0|0|0|0|0|0|0|1|1|1|0|0|0|0|0|0|0|0|0|0|0|0|0|0|0|0|0|0|0|0|0|0|0|0|0|0|0|0|0|0|0|0|0|0|0|0|0|0|0|0|0|0|0|0|0|0|0|0|0|0|0|0|0|0|0|0|0|0|0|0|0|0|1|0|0|0|0|0|0|0|0|0|0|0|0|0|0|0|0|0|1|0|0|0|0|0|0|0|0|0|0|0|0|0|0|0|0|0|0|0|0|0|0|0|0|0|0|0|0|0|0|0|0|0|0|0|0|0|0|0|0|0|0|0|0|0|0|0|0|0|0|0|0|0|0|0|0|0|1|0|0|0|0|1|1|1|2|1|1|2|1|1|1|3|1|1|1|0|0|0|0|0|0|0|0|0|0|0|0|0|0|0|0|0|0|0|0|0|0|0|0|0|0|0|0|0|0|0|0|0|0
C024566,AR|EPHB2|MAX|MYC|FOS|KCNQ1|KCNQ2|KCNQ3|EPHX1|ABCB1|CYP2C19|CASP3|PPARG|SCD5|CASP8|AKT1|HIF1A|MAPK1|MAPK3|MAPK8|SLC2A1|VEGFA|GP1BA|GYPA|ITGA2B|ITGB3|TFEB|THPO|HAMP|TP53|CASP9|CDKN1A|CHEK1|ACHE|ACTA1|ALB|ATP5F1B|AZGP1|BCHE|CES1C|CTRB2|KIF3C|KRT1|SLC25A4|TF|TRF|ALDH1L2|CASP2|CASP6|BCL2|BCL2L1|DDIT3|MDM2|CYP2D6|CYP2C9|CYP3A4|NR1I2|UGT2B7|BAX|BID|CYCS|DIABLO|FADD|FAS|FASLG|PARP1|XIAP|NR3C1|CXCL8|IL1B|MAPK14|TNF|ABCC1|ALDH3A1|CAV1|CCND1|CHUK|EGFR|GSTA3|GSTA4|HMOX1|HOX1|HSPB1|ICAM1|IKBKB|MMP7|MMP9|NFKBIA|PLAU|PTGR1|PTGS2|RELA|CASP7|CLIC1|CLPP|CSF2|FLT3LG|IL3|KITLG|LAT2|PTEN|RPL23|RPL38|RPS6|SF3A1|BAD|CASP14|COX6A1|GADD45A|GADD45G|H2AX|MADD|MAP2K1|PDCD10|PDCD5|TNFSF10|TOP2A|ACE|AHR|AK1|AKAP9|AKR1C1|AKR1C2|AKR1C3|AKR1C4|ALDOA|ALDOC|ANKRD37|ANPEP|APP|AQP3|ASPA|ATF6|BDNF|BNIP3L|CA9|CAT|CD83|CD86|CFTR|CYP1A1|EGLN1|EGLN2|EGR1|ENO1|ENO2|ENPEP|ERCC2|GAPDH|GPX3|GSR|HBEGF|HIF3A|HILPDA|HK1|HK2|IGFBP5|IL1R1|LAMC2|LDHA|MBTPS2|MIF|MMP8|NPPB|NUB1|OCLN|P4HA2|PAM|PDK1|PDK3|PGK1|PLOD3|PPP2R1B|PSPH|RPE65|SELE|SERPINE1|SOD1|SOD2|SP1|SREBF1|STAT3|TFRC|TIMM17A|TRP53|CHEK2|ALOX15|EPHX2|CD82|CYP2C23|CYP2C8|FDX1|FDXR|NME1|CYP2E1|HPGDS|PTGDS|PTGS1|SSTR2|CYP11A1|CYP17A1|CYP19A1|CYP1A2|CYP2A6|CYP2B1|CYP2B6|CYP2C18|CYP3A41A|CYP3A5|ESR1|ESR2A|ESR2B|NR1I3|ABCA12|ADAM1B|ADGRD1|ALG2|CKAP5|CMTR2|CPD|CXCL3|D0KIST5|D2ERTD295E|D9WSU74E|ENTR1|ETV1|EXOSC10|FAT3|FMNL3|FXYD7|GABRA1|GABRB1|GADL1|GATAD2A|GFRA1|GJB3|GLRA1|GNA12|GRIN1|GRIN2A|GRIN2B|HPRT1|HTR3A|IGSF5|KCNV2|KIF24|KREMEN1,b'x\x9ck`\x99\x9a\xce\xc2\x00\x06=\xa2y\xa5\xb9\x05\x95z\xc9\xf9E\xa9z\xb9\xa59%\x99\x89EE\x89\x95Szx\xe2\x8bR\x93\xf3\xf3\x8aK\x8aJ\x93K\xa6L\x9e\xd2\xc3\nV8\xa5\x87=/\x05\xa2d\xf2\x14o\x86\xd6)\xce\x8cIS\xda\xa7\x04M\xd1\xf0f\xf4\xfe\xde:%\x83\xb9\x875\xa5\xa4\xb2 \x15\xa4\x85)\xd3dJg\x07D\x96\xb9\x87\xd1f\x8a\x9f\x9f\x9f\xd7\x7f \x00\x13\xde\x0c%S\x92:\x9d\xee03\x8c\x02\n\x01\xe3@;`\x14P\x05P3\x1e\x19i\x88\x99\xd0h|x\n0\x97\xeb\x01\x00\xcb\xf4=c',0|0|0|0|0|0|0|0|0|0|0|0|0|0|0|0|0|0|0|0|0|0|0|0|0|0|0|0|0|0|0|0|0|0|0|0|0|0|0|0|0|0|0|0|0|0|0|0|0|0|0|0|0|0|0|0|0|0|0|0|0|0|0|0|0|0|0|0|0|0|0|0|0|0|0|0|0|0|0|0|1|0|0|0|0|0|0|0|0|0|0|0|0|0|0|0|0|0|0|0|0|0|0|0|0|0|0|0|0|0|0|0|0|0|0|0|0|0|0|0|0|0|0|0|0|0|0|0|0|0|0|0|0|0|0|0|0|0|0|0|0|0|0|0|0|0|0|0|0|0|0|0|0|0|0|0|0|0|0|0|0|0|0|0|0|0|0|0|0|0|0|0|0|0|0|0|0|0|0|0|0|0|0|0|0|0|0|0|0|0|0|0|0|0|1|0|0|0|0|0|0|0|0|0|0|0|0|0|0|0|0|0|0|1|1|1|1|1|1|1|1|1|1|1|1|1|1|1|1|1|1|1|1|1|1|1|2|1|2|1|1|1|1|1|1|1|1
